0,1
서울,783
한국,458
사고,427
참사,406
연합뉴스,318
핼러윈,299
경찰,270
재난,204
기자,146
비판,134
우려,126
경찰청,125
슬픔,121
문제,111
논란,108
인천,100
위험,100
서울시,99
증가,95
예방,93
부상,92
뉴스,90
계획,89
경제,88
국내,87
경찰서,87
피해자,86
산업,84
사과,84
시장,84
기업,83
온라인,79
행사,78
추모,77
일본,77
사업,76
경찰청장,76
가족,75
기술,75
오후,74
행정안전부,74
혐의,72
대한민국,71
소방,69
투자,69
축제,67
글로벌,67
오전,67
고통,66
북한,63
긴급,63
윤희,62
사망자,62
눈물,61
경기,59
대통령,59
회의,59
원인,58
중국,57
현장,56
러시아,56
광장,55
국회,55
시민,55
경북,55
사회,54
시간,54
우크라이나,53
광주,53
검찰,52
책임,51
사망,50
삼성,50
장관,50
취재,50
비극,50
비난,50
전쟁,49
여성,49
경찰관,49
분석,49
혁신,49
치료,48
공격,48
보도,48
활용,48
기자회견,48
제공,47
사랑,47
유가족,46
정치,46
재판,46
대전,46
운영,46
금융,45
언론,45
범죄,44
영상,44
거리,44
기도,44
위기,43
정책,43
개선,43
감소,43
국민,42
업계,42
지하철,42
박희,42
악화,42
이태원,41
주년,41
성장,41
학생,41
참여,41
세계,39
대책,39
전략,39
시즌,38
개발,38
안전,38
통제,38
코리아,38
시위,37
입장,37
인사,37
인파,37
부모,37
인스타그램,37
트위터,36
충남,36
판매,36
명복,36
경기도,35
방문,35
위험성,35
정부,35
최근,35
외국인,35
개월,34
수출,34
미국,34
국제,34
대상,34
장례,34
유감,34
학교,34
트라우마,34
선거,33
규제,33
설치,33
교육,33
작업,33
유튜브,33
독일,33
혐오,32
관리,32
분노,32
고객,32
전북,32
페이스북,32
대통령실,31
성남,31
질서,31
연구,31
인터뷰,31
성남시,31
규모,31
중단,31
목적,30
장례식,30
관련,30
대응,30
개최,30
인터넷,30
반도체,30
죽음,30
유럽,30
서울대,29
방송,29
처벌,29
행동,29
핼러윈데이,29
박홍근,29
이란,29
충격,28
도움,28
인플레이션,28
혼란,28
경남,28
생산,28
소셜미디어,28
요구,27
희생,27
축구,27
병원,27
지난달,27
불법,27
공무원,27
상승,27
대회,26
조선,26
회장,26
반응,26
이상민,26
관계자,26
감사,26
비명,26
인프라,26
건설,26
울산,26
부산,26
갈등,25
아시아,25
어려움,25
결과,25
이익,25
진행,25
출연,25
동안,24
구축,24
묵념,24
구급대원,24
아침,24
본격,24
도시,24
기록,24
대학,23
증권,23
브라질,23
위협,23
한국은행,23
질문,23
한국어,23
취소,23
업무,23
투자자,23
올해,23
통계,23
안전교육,23
한국인,23
교회,23
분향소,22
투어,22
무대,22
코로나,22
대규모,22
조성,22
군중,22
조직,22
시설,22
마케팅,22
민주당,22
국방부,22
지원,22
훈련,22
신규,22
외교부,22
의혹,22
김광현,21
수원,21
목표,21
태국,21
정신건강,21
경쟁,21
지방자치단체,21
영업,21
경영,21
창업,21
홍보,21
확대,21
예측,20
호주,20
효과,20
대비,20
김성호,20
비용,20
협력,20
전문가,20
대기업,20
서비스,20
식품,20
소비자,20
대선,20
앞서,20
여러분,20
교사,20
사진,20
가능성,20
목사,20
포스트시즌,19
트럼프,19
투표,19
대법원,19
법원,19
정쟁,19
환자,19
문재인,19
국제사회,19
핵실험,19
북부,19
경고,19
공포,19
한반도,19
외교,19
공사,19
주택,19
공장,19
부인,19
가짜,19
상반기,19
네티즌,19
강원,18
챔피언십,18
골프,18
전투기,18
근로자,18
배우,18
가격,18
증상,18
지적,18
대국민,18
교통,18
디지털,18
부동산,18
센터,18
뉴욕,18
법률,18
가치,18
보호,18
중상,18
살인,18
초등학교,18
휴대전화,18
한편,18
김건희,18
김현정,18
사용,18
관광,18
시작,18
월드컵,18
비상,17
중앙,17
전남,17
대가,17
대변인,17
오세훈,17
공개,17
전화,17
둔화,17
위원회,17
쇼핑,17
소비,17
폭행,17
해결,17
여사,17
규정,17
기준,17
메시지,17
스페인,17
프로야구,17
도쿄,17
게임,16
국제통화기금,16
친환경,16
항의,16
금융위기,16
수익,16
오류,16
식당,16
원내대표,16
네이버,16
비즈니스,16
재해,16
과제,16
국토교통부,16
전기차,16
개정안,16
성남시장,16
체육관,16
일본인,16
세종,16
중요성,16
드론,16
프랑스,16
연기,16
발표,16
이태원역,16
바이러스,16
우울,16
목격자,16
김모,16
메이저리그,16
매출,16
최고경영자,16
수사,15
차별,15
건물,15
과정,15
최선,15
법무부,15
먼저,15
시진핑,15
활동,15
공간,15
전국,15
라디오,15
광고,15
공원,15
정치권,15
지난,15
건축,15
손상,15
녹사평역,15
미국인,15
금지,15
무역적자,15
월드,14
김씨,14
의무,14
심폐소생술,14
통합,14
플랫폼,14
위원장,14
군사,14
강남,14
성범죄,14
긴축,14
재난대응,14
노동자,14
파티,14
체포,14
광주시,14
비행,14
상자,14
복지,14
불안감,14
인기,14
열차,14
국립,14
총회,14
사장,14
확산,14
어린이,14
아르헨티나,14
활성화,14
개막,14
김용,14
동아일보,14
진단,14
카타르월드컵,14
청소년,13
김주현,13
거부,13
위반,13
운전자,13
전남도,13
언니,13
창원,13
직장인,13
정보,13
단계,13
중인,13
스마트폰,13
재정,13
이유,13
아쉬움,13
경쟁력,13
유엔,13
여행,13
후보,13
쇼핑몰,13
폭발,13
공직자,13
법정,13
무역,13
공화당,13
성공,13
국민일보,13
야구,13
대본,13
교수,13
경험,13
도전,13
구조,13
백신,13
상하이,13
효율,13
아버지,12
친구,12
고용,12
국내총생산,12
녹취록,12
악용,12
해킹,12
결정,12
사죄,12
공급,12
호텔,12
용산,12
태평양,12
어머니,12
연구개발,12
기후변화,12
채택,12
수십,12
폭력,12
사흘,12
인구,12
소매업,12
회복,12
서울역,12
확장,12
가을,12
실내,12
협약,12
지진,12
외환위기,12
조사,12
사기,12
자녀,12
카타르,12
주무,12
전혀,12
보고서,12
소방청,12
모바일,12
생존자,12
통계청,12
김기현,12
신문,12
프랑크푸르트,12
테크,12
테러,12
대유행,12
물가,12
택시,12
산업부,12
은행,11
프로그램,11
브리핑,11
석유,11
인종,11
붕괴,11
심각,11
음식,11
자본,11
주식,11
기자간담회,11
컴퓨터,11
변호인,11
강남구,11
백화점,11
에너지,11
현대차,11
입법,11
슈퍼마켓,11
설계,11
소송,11
프로젝트,11
협업,11
제재,11
시신,11
관광객,11
의장,11
로봇,11
베트남,11
판사,11
살피,11
미래,11
성장동력,11
그린,11
학부모,11
모두,11
응급,11
장애,11
골목길,11
가구,11
시리즈,11
푸틴,11
크림반도,11
수도,11
지하철역,11
연출,11
의회,11
노출,11
박람회,11
배포,11
감염,11
공공기관,11
커뮤니티,11
연령,11
감독,11
죄책감,11
리스크,11
투수,11
크리스마스,11
서울특별시,11
세대,11
대만,11
전경,11
반대,10
진출,10
활약,10
졸업,10
이코노미스트,10
미디어,10
한국전력,10
소음,10
군용기,10
제조,10
대폭,10
세상,10
필리핀,10
성폭행,10
이태원동,10
자금시장,10
점검,10
검은색,10
책임감,10
행안부,10
자금,10
보상,10
정의당,10
과학기술,10
아내,10
매매,10
유럽연합,10
분양,10
노동,10
혜택,10
교육부,10
선출,10
누리꾼,10
교통사고,10
달성,10
국무총리,10
강화,10
치유,10
환경,10
유도,10
일본어,10
켄터키,10
기획재정부,10
건축물,10
평생,10
소식통,10
기간,10
벌이,10
뉴스쇼,10
주인공,10
드라마,10
소문,10
정의,10
포스터,10
응급실,10
질환,10
지능,10
강조,10
대학생,10
음악,10
남성,10
야당,10
대사,10
연합,10
강도,10
이란인,10
법조,10
영향,10
태풍,10
변호사,10
귀가,10
강제,10
구매,10
현대,10
김강민,9
기소,9
이슬람,9
바람,9
전주,9
리디아,9
체험,9
기념,9
경색,9
시인,9
전투,9
환경부,9
골목,9
대륙간탄도미사일,9
희망,9
동생,9
건국대,9
연구소,9
논쟁,9
형사,9
모니터링,9
방식,9
집행,9
연장,9
광산,9
집회,9
판결,9
설립,9
고향,9
감염병,9
재활용,9
국회의원,9
이스타항공,9
소득,9
최악,9
관객,9
두려움,9
직장,9
김문수,9
제조업,9
자료,9
기상청,9
화학,9
독자,9
반정부,9
분야,9
갑자기,9
본부,9
박근혜,9
국무회의,9
손실,9
새벽,9
투자가,9
재무,9
자연,9
성경,9
학술,9
취업,9
입국,9
동영상,9
댓글,9
염려,9
구글,9
성과,9
방탄소년단,9
기사,9
생일,9
일자리,9
간호사,9
급증,9
선진국,9
탈출,9
애플리케이션,9
고현,9
수출입,9
대표이사,9
상대로,9
출혈,9
질병,9
보험,9
파크,9
부원장,9
김성룡,9
카카오,8
합동,8
프로농구,8
제품,8
김상현,8
상파울루,8
역차별,8
상담,8
개정,8
신발,8
이모,8
그래픽,8
징역,8
총리,8
제약,8
공직선거법,8
악성,8
시민단체,8
신청서,8
출근길,8
증권사,8
김정은,8
경제부총리,8
통신사,8
사업자,8
식료품,8
홈페이지,8
심화,8
동맹,8
김유상,8
어제,8
결의,8
여론조사,8
핵무기,8
개방,8
겨울,8
경기장,8
정비,8
서부,8
이스라엘,8
베이징,8
헌법,8
운전,8
화재,8
소방본부,8
책무,8
합병,8
문제점,8
유행,8
광화문,8
초등학생,8
순천,8
김치,8
비책,8
하락,8
징계,8
범죄수사,8
토론회,8
관계,8
변화,8
무역수지,8
할로윈,8
남부,8
공습,8
공부,8
확인,8
수술,8
긴장,8
통증,8
상승세,8
국장,8
공감,8
음모론,8
강릉,8
예산,8
소셜네트워크서비스,8
아들,8
인권,8
인력,8
이야기,8
콘텐츠,8
입사,8
사전,8
주최,8
집계,8
이동,8
벤처기업,8
클래식,8
마녀사냥,8
철도,8
출구,8
하원의원,8
남녀,8
대북,8
원자력,8
절망,8
심리상담,8
캐나다,8
항공기,8
공모,8
바이오,8
필요성,8
레고랜드,8
문화,8
도심,8
작가,8
자연재해,8
계절,8
수입,8
이용,8
결승전,8
플레이오프,8
행위,8
워싱턴,8
복구,8
사이버,8
경제활동,8
화가,8
김혜윤,8
대한항공,7
김재웅,7
여자,7
김진태,7
경향신문,7
득점,7
가지,7
발전,7
최고,7
하나은행,7
부회장,7
전시,7
탄소,7
타워,7
사우디아라비아,7
다양성,7
제한,7
월스트리트저널,7
탄도미사일,7
스스로,7
조언,7
공연장,7
고용노동부,7
혼잡,7
마약,7
성폭력,7
윤리,7
범죄예방,7
수색,7
마이크로소프트,7
신청,7
판단,7
출근,7
소방관,7
농업,7
행복,7
법안,7
시범,7
김교흥,7
업무방해,7
진흥,7
면접,7
과학,7
새해,7
재개,7
과실치사,7
회의실,7
겨울철,7
대결,7
손녀,7
과장,7
북구,7
접근,7
정당,7
정권,7
평가,7
교실,7
중학생,7
친척,7
중국인,7
청년,7
별도,7
소방청장,7
공산당,7
승객,7
아픔,7
풍력발전,7
김승모,7
충북도,7
치안,7
건강,7
주말,7
획득,7
자정,7
존중,7
오하이오,7
주민,7
향상,7
기여,7
응급의료,7
사태,7
박모,7
폐쇄,7
매니지먼트,7
백악관,7
북동쪽,7
북위,7
캠페인,7
웃음,7
승부,7
침묵,7
상대,7
상당수,7
극단,7
연예인,7
신앙,7
행렬,7
젊은이,7
지연,7
영정사진,7
혈중,7
준공,7
통신,7
공항,7
대표,7
기부,7
예술,7
공연,7
하원,7
압박,7
김영록,7
왼쪽,7
충북,7
민선,7
실패,7
영통구,7
라며,7
도로,7
영웅,7
미사일,7
원전,7
폴란드,7
집값,7
간호학,7
스포츠,7
수백,7
응급처치,7
김원형,7
보유,7
판매량,7
재산,7
결혼,7
유통,7
무분별,7
박성현,7
지방법원,7
신종,7
이사장,7
소프트웨어,7
손해배상,7
소방차,7
축소,7
필라델피아,7
오늘,7
아이돌,7
홍콩,7
동부,7
감안,7
지하,7
전체,7
소설,7
지방선거,7
압사,7
연습,7
집행유예,7
삭제,7
수상자,7
인용,7
혈관,7
비핵화,7
원칙,7
이웃,7
모델,7
인도네시아,7
답변,7
자본시장,7
실수,7
한글,7
제주도,7
교육청,7
취약,7
소방대,7
조선닷컴,7
베를린,7
김봉규,7
만원,6
심리,6
북구청,6
돌파,6
초청,6
브랜드,6
부지,6
일일,6
노동당,6
헌법소원,6
사건,6
착륙,6
남조선,6
본부장,6
세계보건기구,6
주장,6
중앙은행,6
한계,6
보도자료,6
비정규직,6
사유,6
자원부,6
광부,6
국민은행,6
간담,6
여름,6
신설,6
사이버대,6
금융투자,6
솔루션,6
네덜란드,6
회피,6
항소심,6
변경,6
교육비,6
지출,6
우주,6
우주선,6
종종,6
휴스턴,6
함영주,6
김광수,6
말다툼,6
첫날,6
대학교,6
피의자,6
대중교통,6
맥주,6
인공,6
정치인,6
싱가포르,6
항공우주,6
비닐봉투,6
부작용,6
복합,6
기반시설,6
신뢰,6
처신,6
청주시,6
기온,6
악몽,6
정찰기,6
항공모함,6
심판,6
첨단,6
점수,6
북청사자놀음,6
탈춤,6
양주별산대놀이,6
연극,6
관광지,6
독려,6
배터리,6
군산시,6
국채,6
지붕,6
동기,6
상위,6
엘리베이터,6
승리,6
최우수선수,6
러시아군,6
불신,6
청춘,6
예산안,6
알코올,6
멕시코,6
범행,6
작성자,6
창립,6
기획,6
연구원,6
구조대,6
페스티벌,6
제안,6
아이디어,6
역할,6
민간,6
디즈니,6
열정,6
대구,6
조지아주,6
쓰레기,6
경우,6
협상,6
고등학생,6
연말,6
퇴직,6
금융감독원,6
규탄,6
금융시장,6
신기록,6
검색,6
오해,6
종교,6
명예,6
토끼,6
순천향대,6
매체,6
출동,6
감염증,6
뉴욕타임스,6
기업가,6
서울구치소,6
매각,6
관심,6
명예훼손,6
마트,6
급식,6
국무위원,6
상해,6
스위스,6
곳곳,6
승률,6
식물,6
경매,6
주주,6
원자력발전소,6
대장동,6
얘기,6
영화,6
동료,6
월드시리즈,6
지지율,6
경제위기,6
폭탄,6
조롱,6
계약,6
개국,6
협조,6
창간,6
캡처,6
러시아월드컵,6
설명,6
무형문화재,6
신제품,6
수수료,6
부문,6
남북,6
프로축구,6
기준금리,6
재앙,6
넷플릭스,6
서울중앙지법,6
뉴시스,6
가운데,6
직접,6
공유,6
불쾌감,6
남편,6
속도,6
스트레스,6
부부,6
부자,6
정원,6
연금,6
동국대,6
히어로즈,6
최지훈,5
김민식,5
김성현,5
넬리,5
롯데,5
토론,5
패배,5
과태료,5
오토바이,5
성추행,5
외무성,5
조선반도,5
날인,5
상반신,5
권도현,5
방지,5
가계부채,5
컨퍼런스,5
차례,5
공판,5
태도,5
평택시,5
보안,5
해커,5
수감,5
수익률,5
시중,5
핼로윈,5
활동가,5
데이터,5
밀집,5
중남미,5
테마,5
중소기업,5
소득세,5
운행,5
정례,5
경영학,5
노조,5
실험,5
우주정거장,5
축하,5
동맹국,5
우선,5
출발,5
현행법,5
별로,5
폐지,5
만찬,5
남지원,5
방콕,5
유명,5
정황,5
가스,5
우산,5
비닐,5
남용,5
프리미엄,5
선포,5
군사훈련,5
파손,5
적용,5
면역,5
유입,5
경력,5
목격,5
침입,5
상품,5
상실,5
보조금,5
위해,5
실습,5
북쪽,5
소란,5
마감,5
고마움,5
정치화,5
장식,5
경제성장,5
최현,5
시내,5
애도,5
파리,5
선교,5
그리스도,5
기독교,5
증언,5
경희대,5
대출,5
유죄,5
봉쇄,5
동참,5
좌파,5
목회자,5
상향,5
장례비용,5
콘퍼런스,5
충돌,5
피고인,5
메일,5
청주,5
예년,5
추가,5
세현,5
국제공항,5
전하,5
침공,5
참석자,5
본선,5
구민,5
평화,5
종교개혁,5
입구,5
웹사이트,5
유치원,5
창원시,5
출국,5
애플,5
변명,5
전기,5
타격,5
양육,5
디즈니랜드,5
유감스럽게,5
모욕,5
추진,5
언론기관,5
범죄자,5
분열,5
달러화,5
시장조사,5
역사,5
부패,5
사회주의,5
페루,5
연설,5
용돈,5
다시,5
임무,5
작전,5
그리스,5
일본도,5
정신의학,5
관측,5
저축은행,5
평창올림픽,5
기적,5
감정,5
퍼포먼스,5
방침,5
육군,5
개혁,5
칭찬,5
기쁨,5
요리,5
헌신,5
상점,5
안녕,5
결승,5
대상자,5
목격담,5
고생,5
진입,5
출입구,5
모임,5
소주,5
조국,5
총괄,5
종이컵,5
풍력,5
서대문구,5
김혜선,5
공업,5
칠레,5
업자,5
워크숍,5
가수,5
멤버,5
사리,5
외상후스트레스장애,5
콘서트,5
농구,5
시카고,5
민주주의,5
제작,5
디자인,5
이탈리아,5
방법,5
주차장,5
모든,5
마찬가지,5
구급차,5
연패,5
치명,5
계층,5
마켓,5
하루,5
공공,5
정보보호,5
실망,5
서류,5
행진,5
사안,5
미래에셋,5
관람객,5
스마트,5
고도화,5
핵보유국,5
조작,5
세계대전,5
관람,5
침략,5
재단,5
불꽃놀이,5
폐쇄회,5
동물,5
증오,5
내년,5
분투,5
자산,5
여행객,5
발생,5
국민연금,5
국방,5
조치,5
번화가,5
완화,5
노동시장,5
적시타,5
다섯,5
수칙,5
한겨레,5
챔피언,4
흥국생명,4
다현,4
키시,4
가게,4
선수,4
신고,4
월마트,4
임명,4
몽골,4
수업,4
여명,4
학과,4
저녁,4
철강,4
공정,4
낸싱,4
사우디,4
긴장감,4
흑인,4
리본,4
청사,4
할머니,4
조카,4
먼지,4
아무,4
종결,4
남화영,4
등록,4
동대문,4
정모,4
논평,4
철학,4
실무,4
선물,4
사무,4
은행권,4
검정,4
캐릭터,4
의상,4
검찰청,4
형사소송법,4
방해,4
순위,4
일어나지,4
천연가스,4
영국,4
쟁점,4
사퇴,4
호출,4
여윳돈,4
건설업,4
리튬,4
자원,4
지지자,4
아마존,4
주방,4
실험실,4
요금,4
착공,4
변조,4
연구윤리,4
당시,4
파업,4
수확,4
대신,4
괴산,4
저녁식사,4
사물인터넷,4
정치국,4
금융업,4
공정위,4
압수수색,4
청원,4
자전거,4
중력,4
용품,4
의약품,4
식품의약품안전처,4
버스,4
개입,4
평년,4
석유화학,4
온실가스,4
강습상륙함,4
이착륙,4
협박,4
강남역,4
시대,4
병화,4
투쟁,4
테헤란,4
메뉴,4
먹거리,4
음식점,4
자랑,4
연등회,4
하회별신굿탈놀이,4
봉산탈춤,4
인천공항,4
진료,4
국정감사,4
거래소,4
천문학,4
법제사,4
상업,4
유명인,4
자동화,4
발굴,4
창조,4
수도권,4
자유,4
좌절,4
불공정,4
무책임,4
나무,4
메인스트리트,4
국가,4
랭킹,4
테니스,4
공동체,4
음주운전,4
응원단,4
예수님,4
다윗,4
긍정,4
유튜버,4
옷가지,4
뮤지컬,4
피습,4
리트윗,4
마녀,4
베트남인,4
기상,4
전자,4
장려,4
발인,4
직원,4
억압,4
신학,4
노동조합,4
덴마크,4
독성,4
미리,4
해하,4
실천,4
군산,4
혼돈,4
국가정보원장,4
공헌,4
산업혁명,4
경주,4
알고리즘,4
화폐,4
빌딩,4
상임,4
조류인플루엔자,4
박형준,4
국가대표팀,4
야간,4
잘못,4
공모전,4
꽃다발,4
술집,4
해외,4
존경,4
자택,4
아이폰,4
야구장,4
심리치료,4
보건복지부,4
대한,4
노력,4
도감,4
연방,4
움직,4
건축사,4
대법관,4
인종차별,4
압력,4
파괴,4
부녀,4
콜롬비아,4
김지훈,4
의존,4
물품,4
법인세,4
은퇴,4
실업,4
응급의학,4
로드맵,4
허망,4
신약,4
의료기기,4
사이트,4
유포,4
무력감,4
앞줄,4
주호영,4
박씨,4
플로리다주,4
우승팀,4
출마,4
잡지,4
대학원,4
경제학,4
왜곡,4
외규장각,4
평균,4
네트워킹,4
성관계,4
질책,4
커피,4
수용,4
인도,4
벨기에,4
눈사태,4
정의선,4
공제조합,4
자본금,4
실적,4
심의,4
헌화,4
요미우리신문,4
기관,4
의학,4
보건,4
폐기물,4
폭락,4
추석,4
정치가,4
쇼케이스,4
로보틱스,4
도서관,4
장애인,4
파탄,4
경제범죄,4
정지,4
전파,4
지진동,4
산시,4
참가자,4
주식시장,4
보물,4
국정,4
중도,4
부장,4
생존,4
여성가족부,4
성범죄자,4
후유증,4
역시,4
올림픽,4
통화,4
마지막,4
한국말,4
국보,4
지속가능성,4
몰리,4
베토벤,4
목숨,4
화요일,4
부족,4
발판,4
유엔본부,4
홈런,4
장모,4
입장권,4
잉글랜드,4
표현,4
우드,4
말씀,4
참가,4
부정,4
절실,4
일산,4
상생,4
후보자,4
펜실베이니아주,4
조명,4
생계,4
보험사,4
사무소,4
선박,4
일정,4
촛불,4
촛불집회,4
전남지사,4
경품,4
제도,4
심사,4
동대문구,4
홍수,4
공략,4
우리나라,4
역량,4
농협,4
오스트리아,4
빅데이터,4
의견,4
자제,4
스키,4
법리,4
치마,4
관여,4
기업인,4
증폭,4
러시아인,4
대사관,4
제주,4
방송사,4
동물병원,4
전역,4
공범,4
무산,4
군민,4
피부,4
민원,4
전자상거래,4
천안시,4
문학,4
보복,4
준비,4
동남아,4
프로듀서,4
매력,4
수거,4
부모님,4
예고,4
표지,4
조선시대,4
미세먼지,4
공격기,4
소방방,4
대검,4
싱어송라이터,4
무질서,4
여자친구,4
재미,4
대피,4
안정,4
복도,4
조정,4
충남대,4
대국,4
박정환,4
김지석,4
조선일보,4
선전,4
홀로,4
주일,4
다큐멘터리,4
김영옥,4
유니버설,4
김경진,4
김명,4
김정,4
해임,4
플레이,3
추격,3
김미연,3
투구,3
군림,3
중지,3
돼지고기,3
대표팀,3
베테,3
중이,3
시험,3
조만간,3
초대,3
박일영,3
국제경제,3
개막식,3
강의실,3
포럼,3
중립,3
격주,3
미시,3
이륜차,3
환경과학,3
부재,3
사령부,3
불안,3
불면증,3
정서,3
노동환,3
세브란스병원,3
청장,3
겨우,3
금융통화위원회,3
규홍,3
문턱,3
하버드대,3
월급,3
당황,3
통역사,3
가축,3
반려동물,3
선거법,3
계속,3
사이버공격,3
시기,3
복수,3
남현,3
광산구,3
글씨,3
마스크,3
시민행동,3
생체,3
출시,3
코드,3
정기예금,3
번지,3
포스코,3
삼성동,3
일보,3
당일,3
기술자,3
우정,3
터널,3
무능,3
고등학교,3
적지,3
도심지,3
드레스,3
니켈,3
공급망,3
저장장치,3
지지,3
리더십,3
모씨,3
횡령,3
본회의,3
남북정상회담,3
톈허,3
수리,3
방안,3
개장,3
인천광역시,3
기아,3
선택,3
기념품,3
관중,3
윤리규정,3
연구자,3
편견,3
수장,3
착수,3
수년,3
팔레스타인,3
불교,3
노동권,3
금속노조,3
노인,3
가정불화,3
수원지검,3
수원지방법원,3
재계,3
기념일,3
체계,3
명단,3
과거,3
농림,3
농부,3
전격,3
현황,3
교과,3
교육과정,3
과징금,3
건축법,3
박종현,3
부가가치,3
쾌유,3
원희룡,3
위성,3
인공위성,3
상인,3
도매,3
도매시장,3
폐기,3
다이어트,3
이동해,3
숙박,3
유출,3
조선인민군,3
핵전쟁,3
추위,3
감축,3
규명,3
수립,3
비중,3
전설,3
뉴스레터,3
페이지,3
사이타마현,3
공단,3
매년,3
세종시,3
강령탈춤,3
강릉단오제,3
인센티브,3
조성하,3
동북아시아,3
청각장애,3
열처리,3
오히려,3
원유,3
석탄,3
빗방울,3
조선업,3
불황,3
휘발유,3
민주,3
놀이,3
심판원,3
천장,3
정보기술,3
총력,3
사단,3
조립,3
동성애자,3
싸움,3
생각,3
정도,3
종이,3
전염병,3
지식,3
논리,3
창의성,3
물가상승률,3
우승,3
고려,3
프로,3
남자,3
탐방,3
사우스차이나,3
군인,3
탈북민,3
세례,3
통일,3
소름,3
재킷,3
걸음,3
일시,3
민영,3
그리스도인,3
직무,3
모집,3
김병욱,3
납치,3
불평등,3
경비,3
수당,3
만날,3
폭격기,3
개인정보보호법,3
강연,3
자기,3
연쇄,3
교통체증,3
워싱턴포스트,3
의문,3
교직원,3
총재,3
낭독,3
완공,3
재현,3
포항시,3
혼선,3
상피세포,3
합병증,3
홀딩스,3
최종,3
모델링,3
설득,3
인천대,3
성적,3
코딩,3
시뮬레이션,3
갱도,3
탐지,3
천재지변,3
김준영,3
멜로디,3
김형철,3
상영,3
음악회,3
강북구,3
인류,3
인계,3
중공업,3
심장,3
운영체제,3
합의,3
총무,3
계정,3
불의,3
김기천,3
경신,3
전남도청,3
초반,3
출산,3
최소,3
제로,3
빚었다,3
생태계,3
지방정부,3
은혜,3
가톨릭,3
저주,3
주례회동,3
살인죄,3
탱크,3
날개,3
산대놀이,3
주유소,3
박근혜정부,3
마련,3
전용,3
생방송,3
생중계,3
보이콧,3
무한,3
장기,3
생활비,3
복지부,3
자의,3
조희연,3
북대서양,3
단독,3
협회,3
임상시험,3
작용,3
후퇴,3
금은,3
스타,3
마이애미,3
샴페인,3
연료,3
산불,3
비행기,3
캠퍼스,3
부유,3
상하이시,3
트윈스,3
홍준표,3
조례,3
일부,3
동력,3
발휘,3
유학생,3
불가,3
전시장,3
사관학교,3
선생,3
초대교회,3
유대인,3
신학자,3
개신교,3
용서,3
자문,3
세미나,3
예수,3
하루아침,3
번역,3
유혹,3
외침,3
달리,3
네트워크,3
남북전쟁,3
산케이신문,3
김영섭,3
황제,3
초기,3
자막,3
확률,3
우울증,3
대로,3
신차,3
쌍용차,3
분류,3
석방,3
테크놀로지,3
특파원,3
송도국제도시,3
분쟁,3
도착,3
루머,3
스타트업,3
계단,3
드래곤,3
낭만,3
일회용,3
이슈,3
악성코드,3
중학교,3
비현실적,3
장사,3
내셔널리그,3
박수,3
생활,3
극장,3
재발,3
매월,3
널리,3
충청북도청,3
수목원,3
소요,3
소유자,3
두산,3
트릭,3
수급,3
국토부,3
분위기,3
방향,3
처음,3
지난해,3
봉담읍,3
회식,3
희곡,3
도리,3
주연,3
김재,3
피닉스,3
리우데자네이루,3
결혼식,3
아랍에미리트,3
스타디움,3
승격,3
미륵사,3
실리콘밸리,3
평촌,3
팩트,3
콘서트홀,3
오케스트라,3
교향곡,3
향기,3
운동,3
기후,3
용도,3
한남동,3
칼럼니스트,3
용병,3
인스타,3
초평항,3
현지,3
동원,3
심문,3
화물,3
용전동,3
여의도,3
영감,3
영천시,3
본사,3
발간,3
성능,3
의도,3
전광판,3
갱신,3
수직이착륙,3
다툼,3
울음,3
여대생,3
천재,3
졸업생,3
외래,3
일간,3
부서,3
시가,3
세금,3
유예,3
평론가,3
그리움,3
일어나서,3
윤씨,3
연간,3
퇴진,3
노래,3
오픈,3
응원,3
북핵,3
논의,3
지오,3
독일월드컵,3
핀란드,3
푸드,3
정치학,3
반발,3
신동빈,3
번복,3
제외,3
도네츠크,3
조선해,3
급성,3
치가,3
성북구,3
신호탄,3
전세계,3
강습,3
노르웨이,3
공군기지,3
결코,3
무효,3
의심,3
이정희,3
송치,3
주재,3
분자,3
게재,3
이행강제금,3
유지,3
무슬림,3
금기,3
물산,3
유망,3
극적,3
모스크바,3
법령,3
선거운동,3
즉각,3
정상회담,3
공황,3
승용차,3
동물보호법,3
나치,3
태국인,3
종료,3
마무리,3
봉투,3
남동,3
야생,3
만화,3
실행,3
정주,3
평양,3
노래방,3
위조,3
약화,3
파시스트,3
국비,3
전북도,3
소통,3
영역,3
서울대학교,3
아예,3
막내딸,3
외동딸,3
리버풀,3
결승골,3
직업,3
악마,3
입학,3
마당,3
수천,3
불법행위,3
도모,3
업적,3
치료법,3
고립,3
길거리,3
시베리아,3
출판사,3
보호자,3
뎅기,3
모기,3
자극,3
유머,3
외신,3
시청,3
위생,3
회사,3
순례,3
케이,3
교과서,3
개량,3
핵탄두,3
대다수,3
남중국해,3
금동,3
안치,3
두통,3
웨스팅하우스,3
유로,3
편의점,3
승차,3
개막전,3
소망,3
피아니스트,3
사업가,3
박지훈,3
폭주,3
지방검찰청,3
찬성,3
욕설,3
증원,3
여직원,3
윤석열,3
이어폰,3
결심,3
가정,3
작성,3
원장,3
편파,3
사과문,3
냄새,3
세번,3
보관,3
기차,3
이해,3
분당차병원,3
유권자,3
환매조건부채권,3
강력범죄,3
학년,3
정상,3
준결승,3
서초동,3
사가,3
관세청,3
표준,3
컨테이너,3
이씨,3
동아시아,3
발행,3
전병우,3
땅볼,3
김상윤,3
빗물,3
양딩신,3
탄샤오,3
김명훈,3
내내,3
매도,3
술병,3
예방접종,3
선거일,3
신화통신,3
체코,3
창업가,3
조기,3
배제,3
벽돌,3
사냥,3
김경록,3
국회법,3
반성,3
랜더스,3
먹구름,3
수의사,3
보완,3
역사상,3
팝스타,3
목포,3
재물,3
김경호,3
채권,3
휠체어,3
홍인기,3
코트,2
송성문,2
양현,2
남원,2
버스정류장,2
김호,2
윤지영,2
두번째,2
모르거나,2
김호곤,2
주춤,2
손목,2
여왕,2
차세대,2
박세웅,2
은상,2
회계학,2
제국,2
그림,2
주제,2
김태희,2
매장,2
사채,2
전염,2
시간대,2
개조,2
소홀,2
징후,2
근무,2
김창,2
인민공화국,2
돕기,2
임상심리학,2
부대,2
우루과이,2
가중,2
침몰,2
고기,2
야생동물,2
과자,2
당초,2
이전,2
취직,2
뇌경색,2
동굴,2
김현수,2
김시현,2
안고,2
신용등급,2
난리,2
지구촌,2
과실치사죄,2
중요,2
개발도상국,2
토닥토닥,2
여동생,2
소유권,2
장난,2
통신업,2
이후,2
중심,2
플래티넘,2
금속,2
경제성,2
리튬이온,2
공기업,2
조약,2
임금노동,2
억제,2
평창군,2
차지,2
입찰,2
스키장,2
권투,2
축구장,2
부정행위,2
학부,2
미연,2
김정근,2
고정관념,2
동물학대,2
해도,2
파이,2
충청,2
돼지,2
서안지구,2
요르단강,2
퇴근,2
배움,2
걱정,2
고령화,2
괴산군,2
손수건,2
해외여행,2
윤건영,2
오열,2
종식,2
인민대회당,2
임금,2
하도급법,2
쿠첸,2
뇌물수수,2
시민사회,2
조선소,2
이루,2
강동구,2
박재호,2
국무조정실장,2
지구,2
노후,2
소방시설,2
비닐봉지,2
군대,2
숙소,2
국가배상,2
가치중립,2
김재원,2
구름,2
플라스틱,2
출격,2
비행대대,2
호흡기,2
재판관,2
헌법재판소,2
쟁의,2
병력,2
퇴거,2
두문불출,2
김밥,2
포털사이트,2
텃밭,2
농사,2
탄생,2
유상범,2
공적자금,2
김경욱,2
인천국제공항공사,2
묘사,2
감각,2
청각,2
대기,2
양극,2
새우,2
부천대학교,2
노스캐롤라이나,2
사용자,2
안개,2
천둥,2
폐업,2
마이너스,2
화상회의,2
도립,2
김관영,2
언론사,2
경제개발,2
인내,2
부끄러움,2
짜증,2
애정,2
편법,2
수학,2
창의력,2
빈곤,2
억원,2
여주,2
뿌리,2
관료,2
위쪽,2
연속,2
격앙,2
여부,2
고속도로,2
아르메니아,2
이윤,2
옐레,2
김연경,2
펌프,2
린다,2
트로피,2
숲길,2
자원봉사자,2
사거리,2
화면,2
치욕,2
학살,2
회색,2
부근,2
정차,2
포착,2
영적,2
엄정,2
남궁,2
국과수,2
블랙박스,2
양주,2
장욱진,2
내일,2
남북관계,2
설교,2
신석현,2
디저트,2
과일,2
양하,2
전남대학교,2
여수,2
제주시,2
실종,2
함정,2
채용,2
최대,2
핵우산,2
개인정보,2
핫라인,2
상한,2
자폭,2
화물차,2
캘리포니아,2
산행,2
강원도,2
시청자,2
출입국,2
부시장,2
김해,2
요인,2
인재,2
학회,2
충북대,2
세븐일레븐,2
후원,2
림프,2
치비,2
제이에이,2
매일,2
인테리어,2
전시회,2
김원,2
요청서,2
김광호,2
김영,2
학력,2
엔지니어,2
프로그래밍,2
가상공간,2
수익금,2
재테크,2
영산강,2
방문객,2
스탬퍼드,2
새마을,2
영남대,2
합창,2
매개,2
출입,2
발송,2
만들기,2
전남도지사,2
신도시,2
상점가,2
미래학자,2
세계박람회,2
선두,2
구급대,2
남쪽,2
전문성,2
문제해결,2
최적화,2
필립,2
경찰병원,2
평창,2
청주교도소,2
김국헌,2
미션,2
편지,2
교란,2
지도자,2
협잡꾼,2
일본시리즈,2
아메리칸리그,2
성희롱,2
산후조리원,2
용산구,2
교단,2
권순웅,2
내연기관차,2
테크노,2
스코틀랜드,2
성령,2
국론,2
가람,2
남양주시,2
내부,2
기계,2
코스닥,2
거래,2
송파산대놀이,2
칭송,2
신앙고백,2
구원,2
봉사,2
태블릿,2
한강,2
재학,2
보안요원,2
외무부,2
폭풍,2
타고,2
가정의학,2
학교폭력,2
출입문,2
오사카,2
일상,2
전력,2
보상금,2
추가경정예산,2
전경련,2
가톨릭대,2
감찰,2
도부,2
기조,2
구호,2
전환,2
철수,2
불능,2
모녀,2
공약,2
매매량,2
거래량,2
케이크,2
카라,2
주전,2
올림피아코스,2
뇌파,2
초음파,2
약물,2
신소재공학,2
항우울제,2
운영자,2
중앙회,2
차원,2
외출,2
산림청장,2
헬기,2
창설,2
티웨이항공,2
돌입,2
과학기술원,2
월드컵경기,2
패션,2
사진작가,2
초빙교수,2
민주화,2
독재,2
괴물,2
역설,2
담배,2
치명상,2
피해,2
특별법,2
투입,2
힌남노,2
불꽃,2
토크쇼,2
안동댐,2
안동시장,2
더욱,2
대수,2
가공,2
인사청문회,2
학습,2
공교육,2
성직자,2
평등,2
학대,2
첫사랑,2
집안,2
욕망,2
촉구,2
성금,2
웨스트민스터,2
최루탄,2
예배,2
장면,2
찬사,2
연인,2
빵집,2
추강,2
힌두교,2
수집,2
라이트,2
기세,2
교도통신,2
의미,2
노총,2
야전,2
청바지,2
코로나바이러스,2
신선,2
김기문,2
소개,2
김춘진,2
꼽았다,2
북경,2
내달,2
구출,2
보건부,2
신형,2
동월,2
인접,2
퇴근길,2
다른,2
성명,2
고속,2
개탄,2
모회사,2
운전면허,2
고문,2
경선,2
규칙,2
금제,2
생명과학,2
포털,2
부연,2
김유진,2
피로,2
예외,2
농산물,2
건설부,2
정규,2
보그다노비치,2
디트로이트,2
위스콘신주,2
셀트리온,2
고교,2
미식축구,2
신용,2
재개발,2
재건축,2
유기,2
신분증,2
의류,2
혁명,2
지속,2
욕구,2
일상생활,2
고독,2
인증,2
내부통제,2
식별,2
연출가,2
셰익스피어,2
스무살,2
야권,2
옷장,2
자선,2
재배,2
식물성,2
청도,2
횟수,2
진동,2
국립백두대간수목원,2
복지사,2
첩보,2
아파트,2
주의,2
계약서,2
주택임대차보호법,2
동남권,2
재단법인,2
김갑용,2
의령군,2
순천만,2
웹툰,2
인플레,2
조건,2
김동주,2
감기,2
산림청,2
수소,2
규율,2
순항미사일,2
무인항공기,2
케이블,2
어둠,2
강물,2
남단,2
연결,2
김포,2
올림픽대로,2
램프,2
올림픽대교,2
포퓰리즘,2
신촌,2
누군가,2
남욱,2
이주,2
김지성,2
소속사,2
앨범,2
대학원생,2
프랑스군,2
영화계,2
악순환,2
여자농구,2
사령탑,2
더블,2
치어리더,2
둘째,2
포뮬러원,2
멕시코시티,2
풋볼,2
외세,2
출토,2
설화,2
비롯,2
한인애국단,2
사찰,2
창건,2
미륵사지,2
사회학,2
산학,2
방지책,2
정향,2
배신,2
약탈,2
요원,2
지도,2
발견,2
아카데미,2
강제이행,2
첼로,2
슈트라우스,2
천국,2
일선,2
남산,2
일요일,2
남미,2
대도시,2
멸망,2
메신저,2
불행,2
정세영,2
진도군,2
일리노이주,2
마운드,2
필드,2
행인,2
루트,2
케빈,2
요청,2
이웃집,2
바퀴벌레,2
주의보,2
집권,2
시스템,2
토트넘,2
재직,2
재계약,2
모나코,2
영장,2
상업시설,2
연골,2
재활,2
영상의학,2
건강검진,2
도미니카공화국,2
전달,2
승인,2
체결,2
밀라노,2
패션쇼,2
멀린,2
복무,2
도청,2
비공개,2
조의,2
부국,2
김영희,2
테스트,2
타이어,2
할인,2
생명보험,2
김동훈,2
방송인,2
가해,2
사탕,2
후회,2
마리,2
오하이오주,2
수원시,2
누나,2
일인,2
튀니지,2
스캔들,2
가면극,2
통영오광대,2
냉전,2
대립,2
샌드위치,2
트리,2
증후군,2
국무장관,2
습격,2
조합,2
임대주택,2
착용,2
컬러,2
건조,2
식기세척기,2
김응수,2
선임,2
자회사,2
심지어,2
서강대,2
비리,2
블라인드,2
시장경제,2
장편소설,2
정치학자,2
북방,2
상징,2
미술,2
리듬,2
신입사원,2
소스코드,2
사후,2
무당,2
특집,2
김형준,2
이념,2
광역시,2
호로,2
김대우,2
훈장,2
미비,2
내셔널,2
로고,2
햅쌀,2
대우건설,2
창조자,2
마음,2
특허,2
브라질월드컵,2
애국,2
해병대,2
평북,2
김화,2
식사,2
박상훈,2
통화정책,2
효능,2
해법,2
판정,2
김정식,2
삼고,2
원고지,2
설탕,2
스케,2
일원,2
폭우,2
웨스,2
연구기관,2
방위산업,2
알리,2
이차전지,2
킨텍스,2
엔지니어링,2
전자제품,2
포레,2
기대,2
주차공간,2
선도,2
철근,2
이미지,2
국경,2
코치,2
포르투갈,2
국군,2
대해,2
금액,2
탈락,2
해나,2
이준석,2
이중,2
명의,2
김성,2
기술이전,2
쿠팡,2
여학생,2
박사학위,2
할애,2
남재현,2
김만,2
징역형,2
미등록,2
외벽,2
정국,2
양현석,2
김한빈,2
학자,2
분배,2
순천시,2
아웃소싱,2
헬리콥터,2
사후관리,2
만장일치,2
임기,2
대문,2
수사권,2
예비군,2
일어나고,2
외압,2
반면,2
기한,2
무급,2
월급쟁이,2
인사말,2
한미연합사령부,2
부두,2
총참모부,2
중앙정부,2
미국의소리,2
양국,2
태양,2
증진,2
취업률,2
강간,2
광우병,2
특례법,2
확성기,2
시부야구,2
뇌손상,2
동작,2
보탬,2
공익,2
논문,2
광개토대왕함,2
해상자위대,2
농약,2
곤충,2
자백,2
강제집행,2
시각,2
반감,2
정보통신부,2
김민기,2
날짜,2
임명장,2
전라남도,2
계약금,2
지시,2
악의,2
석탑,2
초신성,2
여배우,2
박준희,2
남아공월드컵,2
측정,2
전북소방,2
항공,2
평생교육,2
시너지,2
학원,2
강북,2
성북,2
피렌체,2
역사교육,2
반지,2
김완,2
개발자,2
절감,2
스페이스,2
농도,2
희귀질환,2
출판,2
도구,2
커피전문점,2
단시간,2
부성역,2
천안역,2
불합리,2
차로,2
불어,2
최초,2
불시,2
라면,2
피하,2
아일랜드,2
새집,2
박민지,2
월드챔피언십,2
김세영,2
파열,2
교통난,2
응급구조사,2
장재훈,2
챔피언스리그,2
김민재,2
품질,2
알레르기,2
신장,2
포스코건설,2
팽창,2
합계,2
반려,2
사전예약,2
익사,2
궁금점,2
가나가와현,2
경진,2
충북소방,2
지옥,2
천사,2
일지,2
독감,2
재능,2
화로,2
재정정책,2
무엇,2
젊음,2
규범,2
배혜윤,2
신지현,2
우주망원경,2
독일군,2
문학동네,2
런던,2
내용,2
가입,2
오픈소스,2
협정,2
우체국,2
함부르크,2
아동학대,2
아동,2
무단,2
배출,2
보건소,2
응급환자,2
김형,2
개통,2
만족도,2
미소,2
포괄일죄,2
여대,2
취미,2
꽃잎,2
국가안보실,2
죄인,2
부적절,2
감격,2
대란,2
인연,2
수면,2
엮으려,2
억지로,2
상권,2
진실,2
가을비,2
절박,2
악령,2
극복,2
요코스카,2
소설가,2
외환시장,2
복귀,2
합산,2
핵잠수함,2
정기회,2
공권력,2
혼합,2
안전성,2
형성,2
최저,2
전망,2
얼음,2
양심,2
고소,2
자살,2
여행사,2
장씨,2
윤모,2
항소,2
소식,2
유령,2
보험금,2
김준완,2
티켓,2
양해,2
헬멧,2
문서,2
주소,2
공문서,2
거짓말,2
단체,2
살충제,2
박종근,2
간호조무사,2
미드필더,2
주축,2
병실,2
반복,2
두둔,2
촉진,2
정선화,2
농장,2
불과,2
보라매병원,2
자외선,2
피부암,2
유로뉴스,2
산맥,2
눌려,2
세포,2
방송국,2
자매,2
혈전,2
종양,2
항암제,2
케이스,2
고스,2
회의장,2
일본군,2
작년,2
유네스코,2
안동역,2
반영,2
지진계,2
승자,2
도로교통법,2
강제추행,2
한사코,2
선생님,2
성격,2
탐사,2
찬반,2
삼풍백화점,2
천안함,2
엎치락뒤치락,2
비교,2
노동부,2
애리조나주,2
존슨,2
국부펀드,2
국세청,2
김근수,2
김은정,2
장기간,2
수력발전소,2
대륙,2
절약,2
유학,2
접근성,2
융합,2
상품권,2
서버,2
성취,2
문의,2
태식,2
양해각서,2
서명,2
전라북도,2
공군,2
다리,2
별세,2
윌리엄,2
웨버,2
폐암,2
향유,2
무선통신,2
고리원전,2
김영준,2
모리,2
좌익수,2
이기,2
스페인어,2
십년,2
응원가,2
도우,2
일곱,2
변동,2
나카무라,2
스포츠조선,2
크렘린궁,2
서초구,2
김영철,2
구희진,2
평정,2
최대한,2
변호,2
정정,2
트윗,2
버려진,2
체첸,2
관광업,2
오준영,2
동남아시아,2
황교안,2
불복,2
군사전략,2
레이더,2
멍톈,2
김종배,2
고양시,2
소멸,2
악재,2
김민웅,2
면담,2
성별,2
라운드,2
김효주,2
단국대학교,2
명예퇴직,2
월스트리트,2
법조인,2
소방방재청,2
머신,2
드라이버,2
세기,2
자신감,2
낙하산,2
현미경,2
문화재단,2
리그,2
구미,2
루초,2
탕웨이싱,2
추모식,2
소련,2
건축가,2
청와대,2
드레스덴,2
해석,2
형식,2
절대,2
할리우드,2
금투협,2
냉각,2
자연환경,2
법정구속,2
김현서,2
총선거,2
퓨처,2
속초,2
스파게티,2
덕분,2
법률상,2
실리콘,2
회원,2
전기자동차,2
수상작,2
박진영,2
국가대표,2
마드리드,2
상원의원,2
동물보호,2
선고,2
연구실,2
결합,2
하노이,2
루마니아,2
준우승,2
몸싸움,2
위층,2
초읽기,2
오프닝,2
폭동,2
신속,2
인텔,2
양도소득세,2
미술관,2
당신,2
특수,2
김주원,2
아사히신문,2
저축,2
달러,2
모차르트,2
피아노,2
무지개,2
실책,2
제패,2
만이,2
경례,2
왼손,2
논설,2
케이티,2
농담,2
김민하,2
춘성,2
힙합,2
동국대학교,2
객관,2
지금,2
퇴장,2
동양대,2
담론,2
형소법,2
당사자,2
가까이,2
후송,2
엄수,2
도약,2
항만,2
홍기현,2
고등교육,2
박지영,2
싱글,2
오빠,2
보조,2
향토,2
기회,2
응원전,1
맞대결다웠다,1
패스트볼,1
중전,1
우익수,1
강요,1
새마을금고,1
혐오범죄,1
오른쪽,1
파울루,1
축구협회장,1
스폰서,1
축구인,1
김도균,1
김세훈,1
여자아이,1
문경,1
욕조,1
부진,1
자릿수,1
화색,1
쿼터,1
레나,1
티티쿤,1
구창모,1
숙제,1
월드베이스볼클래식,1
김윤식,1
올인,1
캐치,1
풀타임,1
군입대,1
와일드카드,1
박세진,1
데뷔,1
외환은행,1
입행,1
협동조합,1
영화제,1
유최안,1
소재,1
그리닛,1
타이,1
배차,1
피킹,1
오카,1
베이,1
증명,1
순찰,1
지구대,1
방탄복,1
유사시,1
포옹,1
공문,1
참고자료,1
국무조정실,1
남매,1
구석,1
체크카드,1
후드,1
외마디,1
운동화,1
부츠,1
인형,1
한층,1
해밀톤,1
부실,1
거절,1
금융기관,1
정창현,1
돌려막기,1
급전,1
투잡,1
김회재,1
라틴,1
보수파,1
원주민,1
금산군,1
준강간,1
비트코인,1
빚투,1
고래,1
인간관계,1
인류학,1
남방큰돌고래,1
육식,1
사자,1
동물복지,1
마카롱,1
장애우,1
불허가,1
항고,1
순천교도소,1
골든타임,1
은행원,1
보전,1
수형,1
지하수,1
먹튀,1
모자,1
미니스커트,1
마법사,1
민평,1
시술,1
흉곽,1
심실,1
임상현,1
이식,1
김민정,1
박스,1
강점,1
자유적금,1
은행업,1
아르바이트생,1
잠실,1
오피스텔,1
영동대로,1
코엑스몰,1
전조,1
요식업,1
공연예술,1
넷마블,1
주식회사,1
불경기,1
적법행위,1
출퇴근,1
무역의존도,1
신흥시장,1
신흥경제국,1
정보통신망법,1
패킹,1
태극기,1
넘겨벼렸다,1
채무불이행,1
채권자대위권,1
계약해제,1
배기가스,1
미용,1
정보원,1
이동통신,1
상처,1
여수시청,1
쌍용,1
창구,1
광물,1
원광,1
환경범죄,1
환경보호,1
열대우림,1
사법시험,1
상세,1
비행사,1
부주의,1
리퍼블릭,1
대사도,1
길이,1
석순,1
후속,1
광역급행,1
절기,1
콘서트장,1
저작물,1
장미꽃,1
외로,1
아동문학,1
부채질,1
넨싱,1
정치이념,1
비신사적,1
주먹,1
구월동,1
반시민,1
남동구,1
리쿠드당,1
아르바이트,1
줄넘기,1
온라인쇼핑,1
스쿨존,1
농기,1
학업,1
탁자,1
부총리,1
공산주의,1
서비스업,1
화상,1
김기홍,1
김기철,1
뇌물,1
단체교섭,1
등반,1
세심,1
이사비,1
청구,1
잿값,1
사도,1
강동구청,1
레온,1
민병덕,1
김황호,1
후광,1
공전,1
아폴로,1
피난,1
가연성,1
소비자원,1
예약,1
아고다,1
풀랫폼,1
명령,1
파일,1
핵태세검토보고,1
억류,1
박민규,1
안팎,1
새별오름,1
북서쪽,1
실감,1
고분자,1
호의,1
자유권,1
청렴,1
위헌,1
폐습,1
짤릴,1
회항,1
수준,1
옥탑,1
물동량,1
수산물,1
퀵서비스,1
제빵,1
제빵사,1
포켓몬빵,1
뉴스통신사,1
절반,1
치킨,1
계란,1
불고기,1
버터,1
치즈,1
볶음밥,1
선착순,1
길잡이,1
산달도,1
들판,1
사무국,1
농민,1
외환,1
고등법원,1
수출입은행,1
경제정책,1
인티,1
카지노,1
레이티,1
동북아,1
시청각,1
중등,1
중증,1
감성돔,1
갈색,1
수명,1
모래,1
꽃대,1
수정란,1
동남,1
만큼,1
교육장,1
열망,1
입학생,1
불량,1
돌풍,1
산더미,1
무용단,1
야시장,1
배드민턴,1
전북도지사,1
아부다비,1
왕세자,1
광고주,1
대전대,1
황룡사,1
신라,1
하나님,1
제작자,1
여호와,1
창세기,1
통일신라,1
구약성서,1
성왕,1
강현수,1
출생,1
동성애,1
청중,1
토론자,1
언덕,1
가득,1
때론,1
편향,1
분별,1
확증편향,1
수학과,1
배척,1
빗줄기,1
도덕성,1
자존심,1
용의,1
살림집,1
장대,1
은행나무,1
필요조건,1
김영삼,1
위태롭,1
정쟁화,1
직관,1
안정감,1
강경,1
이나,1
차이,1
아제르바이잔,1
가세,1
황민경,1
양효진,1
김나희,1
공용,1
페트병,1
세일,1
현수막,1
아레나,1
아코르,1
숲속,1
습지,1
생물권보전지역,1
단순,1
추돌사고,1
타이거즈,1
일꾼,1
김진성,1
장학금,1
선교단체,1
전통,1
기독교인,1
유튜버들,1
창선,1
편의,1
배려,1
검정색,1
헤지,1
용산역,1
전화통화,1
가계,1
이자,1
부담,1
금리,1
척추,1
복음주의,1
비전문가,1
궁금증,1
합리화,1
사격장,1
이영권,1
차차차,1
아동극,1
어린이극,1
성인극,1
김지숙,1
김병호,1
블로그,1
히틀러,1
날씨,1
맑은,1
화장품,1
각국,1
국립의료원,1
아우,1
김형주,1
한경면,1
선원,1
승선원,1
공고,1
무기계약직,1
생전,1
발령,1
단짝,1
최첨단,1
지급,1
본국,1
일대일,1
인도주의,1
공로,1
이바지,1
모교,1
삼일교회,1
데이비드,1
김희석,1
지혜롭,1
애통,1
커튼,1
국밥,1
대미,1
미모,1
팔인,1
노상현,1
박세연,1
방글라데시,1
네팔,1
함안군,1
추돌,1
공중보건학,1
발언,1
한단,1
이틀,1
박종철,1
이주영,1
삽화,1
회서,1
김헌,1
김영진,1
인제군,1
자작나무숲,1
봉황,1
등산,1
충청북도,1
발대식,1
군산대,1
마을,1
즉석밥,1
봉사활동,1
광선,1
화증,1
피부염,1
홍조,1
결막염,1
딸기,1
가인,1
이행,1
프린팅,1
평택,1
스캐너,1
야외,1
유동,1
회관,1
인사이트,1
경주시,1
컨벤션,1
경주시장,1
차광,1
인하,1
박수현,1
도박장,1
사이버범죄,1
춘천지방검찰청,1
김봉현,1
아키텍처,1
복제,1
악보,1
오울루,1
진은숙,1
연주가,1
심포니,1
김선욱,1
근대,1
전당,1
끼니,1
퍼듀,1
호암,1
캄룰,1
잔디,1
한세상,1
인포,1
장현,1
기념관,1
민전,1
팬클럽,1
번영,1
예선,1
도마,1
서정은,1
이정효,1
수원시청,1
전북도청,1
김한솔,1
김재호,1
해양경찰,1
실용,1
하이,1
망연자실,1
송길원,1
중고차,1
난항,1
항동,1
송도유원지,1
환경문제,1
수산청,1
행정부,1
동서,1
의료,1
군시설,1
협곡,1
박현,1
종유석,1
광천,1
선굴,1
석회동굴,1
백룡동굴,1
농림축산검역본부,1
박준기,1
북미,1
박상민,1
김하진,1
김나라,1
퍼시픽,1
이승원,1
김범준,1
카나리아,1
형제,1
신학대,1
호혜적,1
교총,1
김기남,1
협동,1
유정복,1
청소,1
최우수선수상,1
동병상련,1
도쿄도,1
거리공연,1
시민사회단체,1
원효로,1
산모,1
보육,1
문도,1
우상숭배,1
주님,1
개신교도,1
메리,1
입원,1
추적,1
상습,1
자동차세,1
지방세,1
납세의무,1
단장,1
해시태그,1
발주,1
암사,1
광역철도,1
복선전철,1
현재,1
환율,1
모습,1
본점,1
보은,1
철제,1
떵떵거리,1
윈드서퍼,1
김광남,1
찮다,1
아이패드,1
사욕,1
손해,1
감자,1
금융가,1
앓이,1
우스갯소리,1
김정남,1
얼마나,1
주인,1
신원,1
기승,1
공휴일,1
베네수엘라,1
보조개,1
특보,1
남아프리카공화국,1
구원투수,1
종합소득세,1
안돈,1
성적표,1
자산운용,1
네트웍,1
설문조사,1
화력발전소,1
설마,1
유로파리그,1
곤잘레스,1
엘리다,1
골문,1
후반,1
파나티나이코스,1
합성생물학,1
생명공학,1
뇌종양,1
검토,1
배정,1
재학생,1
수학여행,1
군사작전,1
수혜자,1
산악,1
담뱃불,1
고성능,1
빙상,1
동메달,1
준준결승,1
몬트리올,1
서현고,1
전작권,1
한미연합군사령부,1
단거리,1
저비용항공사,1
총력전,1
녹십자,1
허브,1
대웅제약,1
윙윙,1
잡지사,1
로빈슨,1
양자,1
성공회대,1
중국학,1
김보금,1
박경희,1
하남면,1
거례리,1
각지,1
제막식,1
주간,1
힌남로,1
우회,1
버스킹,1
해병,1
낙동강,1
수자원공사,1
임하댐,1
상근,1
초등생,1
알렉산다르,1
알바니아,1
세르비아,1
청소년기,1
삼중,1
역청,1
이동환,1
고양시장,1
골드,1
구매력,1
참치,1
멘토링,1
설계자,1
청문회,1
증거,1
크리스천,1
가르침,1
찬송,1
성질,1
첫인상,1
산책로,1
조깅,1
디모데전서,1
생명,1
요한계시록,1
평생토록,1
묵상,1
영혼,1
무차별,1
덕성,1
도덕,1
유대교,1
유대,1
성행,1
여호와증인,1
적그리스도,1
아프가니스탄,1
아프간,1
탈레반,1
지도력,1
동등,1
회중,1
신약성경,1
가정폭력,1
서재경,1
입술,1
거짓,1
신화,1
탐욕,1
바느질,1
신혼,1
세탁기,1
행복감,1
이철,1
감리교,1
통독,1
교재,1
동신교회,1
눈밭,1
집안일,1
근본,1
본질,1
쾌락,1
겸임,1
마가복음,1
비탄,1
마르틴,1
루터교회,1
종교사회학자,1
남녀평등,1
자정작용,1
반포대교,1
인덕대,1
진행자,1
대목,1
보호책임,1
공공안전,1
여론몰이,1
점령,1
지적도,1
유흥업소,1
연승,1
스파이크,1
카드,1
빚었,1
위로,1
부천,1
뉴질랜드,1
전국체전,1
다비드,1
장기전,1
민간인,1
직감,1
디자이너,1
김동욱,1
눈총,1
부족함,1
거짓말쟁이,1
어깨,1
형님,1
아프리카,1
연관,1
사옥,1
연봉,1
철근콘크리트,1
실태,1
성곽,1
주관,1
스카우트,1
인질,1
정책금융,1
확정,1
집행정지,1
사모펀드,1
공학,1
유전체학,1
병리학,1
김민지,1
경찰복,1
유한회사,1
일행,1
보기,1
야적,1
무근,1
역장,1
토피아,1
부도,1
레고,1
부총,1
고형곤,1
보호나라,1
중동,1
대장염,1
동국제약,1
소지품,1
구두,1
송진호,1
축산물,1
명절,1
누리집,1
의약,1
한의학,1
브루클린,1
자유투,1
인디애나,1
인덱스,1
글로비스,1
청결,1
뉘앙스,1
델라웨어,1
펜실베이니아,1
회계사,1
지방자치,1
영업비밀,1
민자역사,1
누리꿈스퀘어,1
지휘,1
귀중,1
수아,1
팬송,1
이세돌,1
스트리머,1
김명주,1
심리학,1
상호작용,1
심장병,1
독일어권,1
표준화,1
윤리경영,1
경쟁자,1
애인,1
철민,1
국립극장,1
리처드,1
란콰이퐁,1
티셔츠,1
재료,1
영양가,1
영양소,1
꽃차,1
나눔,1
생태,1
장학,1
대적,1
제비,1
데시,1
비스타,1
중화동,1
우미,1
무의도,1
중구,1
서해,1
코스,1
알프스,1
국사봉,1
경치,1
호룡곡산,1
등산로,1
근저당권,1
대항력,1
우선변제권,1
권리분석,1
기장군,1
동이,1
울주,1
초과,1
벌꿀,1
답례,1
이용권,1
곶감,1
청국장,1
미나리,1
파프리카,1
대봉,1
토요애,1
조각,1
벽화,1
운동선수,1
야구선수,1
정점,1
변동성,1
기상예보,1
기상학자,1
국토,1
수혜,1
부흥,1
산림,1
산림녹화,1
테슬라,1
국유재산,1
동향,1
일제,1
물건,1
대형,1
지표,1
지역별,1
행정규칙,1
자재,1
박철,1
밀밭,1
대만해협,1
페미니스트,1
주행,1
김현기,1
탁사,1
내란,1
필지,1
추징,1
전두환,1
장년,1
구멍,1
분통,1
베일,1
보호관찰,1
홈파티,1
제철소,1
한류,1
팬층,1
스핀오프,1
케이팝,1
미니앨범,1
강박,1
신주,1
발라,1
녹훈,1
회맹제,1
박병선,1
기리,1
영화사,1
김대건,1
집밥,1
재택근무,1
김난도,1
사직,1
자본주의,1
학생회,1
마침내,1
슬로베니아,1
유타,1
레이커스,1
준우승팀,1
세인,1
랜들,1
선전포고,1
메이커,1
로병,1
콜로라도,1
퍼펙트,1
정규직,1
퍼펙트게임,1
최고점,1
출혈량,1
산소,1
곤란,1
인공호흡,1
뇌출혈,1
물리,1
연장전,1
캐롤라이나,1
애틀랜타,1
비공식,1
데니,1
고국,1
부인과,1
세로,1
가로세로,1
경복궁,1
전해,1
이봉창,1
외부,1
안양시,1
한림대,1
방송대상,1
공인중개사법,1
금지법,1
김정희,1
후진국,1
무학대사비,1
피란,1
최모,1
사이드암,1
방출,1
합격자,1
아빠,1
인생,1
선배,1
소년,1
남짓,1
패전,1
마우스피스,1
연주회,1
바이올린,1
감옥,1
살기,1
꽃들이,1
체력,1
메리크리스마스,1
외국,1
롤러코스터,1
오바마,1
대통령궁,1
퍼레이드,1
다뉴브강,1
야만족,1
로마,1
혈투,1
카이사르,1
로마인,1
파산,1
투런홈런,1
해결사,1
치열,1
한양여대,1
서방,1
정당화,1
소수민족,1
토의,1
호투해,1
랜더,1
삼진,1
올가을,1
차키,1
정략적,1
프랑크,1
파마,1
최준영,1
트롤,1
선승,1
예상,1
매진,1
미시간주,1
언도,1
베냐민,1
컴백,1
유벤투스,1
손흥민,1
프라이부르크,1
요시다,1
격돌,1
평가전,1
슈투트가르트,1
북중,1
박준우,1
김창희,1
망각,1
죄책,1
관절,1
관절염,1
치환술,1
명판,1
행크,1
출신,1
루스,1
카디널스,1
푸홀스,1
루타,1
빅리그,1
어가,1
솔로몬,1
어르신,1
삼육대,1
복지관,1
김일목,1
김가은,1
전통의상,1
패션위크,1
이순규,1
역임,1
이성현,1
춘천,1
피터,1
사임,1
노벨,1
예비,1
금호,1
경산시,1
경마,1
이철우,1
탄소배출권,1
박영규,1
주차,1
쌍봉초,1
시청로,1
웅천동,1
불굴,1
편집,1
국주,1
외길,1
기병,1
동양통신,1
코리아헤럴드,1
통감,1
서도,1
혼신,1
굿이어,1
정숙,1
미쉐린,1
열기,1
프로모션,1
라이프,1
병자,1
스크린,1
스크린골프,1
당내,1
거듭,1
결함,1
타협,1
가라,1
엄단하,1
어른,1
눈살,1
산타,1
막대사탕,1
참상,1
놀란,1
박성훈,1
불문,1
실외,1
호프만,1
카톡,1
남자친구,1
지갑,1
불닭볶음면,1
경찰학,1
장애물,1
재외동포,1
재외동포재단,1
곽시열,1
교두보,1
김성곤,1
우승자,1
체육회,1
왕전,1
간판,1
플레이어,1
당근,1
김주형,1
크로아티아,1
노숙자,1
니카라과,1
장난감,1
편이,1
시절,1
천직,1
언론인,1
근현대사,1
거목,1
미용실,1
종업원,1
장학재단,1
전문학교,1
학위,1
풍자,1
달말,1
다케오,1
국익,1
혐한,1
시즈오카현,1
박철희,1
출발점,1
박주봉,1
김석준,1
온통,1
우리금융,1
대화,1
경제지표,1
승진,1
덧붙이기,1
언어,1
소수자,1
기름값,1
우후죽순,1
쥐락펴락,1
쥐락펴락했다,1
진척,1
좌표,1
가루,1
송도컨벤시아,1
배출량,1
과세표준,1
컬렉션,1
세척,1
디오스,1
포장재,1
재생,1
제어,1
컨버전,1
발전소,1
김창연,1
재생에너지,1
덕환,1
폄훼되,1
정당성,1
막중,1
새내기,1
상상력,1
김남석,1
평화협정,1
폭력배,1
유채,1
깃발,1
북서풍,1
사교성,1
운송계약,1
유통업체,1
메탄올,1
학점,1
프로그래머,1
중진,1
특화된,1
코너,1
대량,1
소비재,1
전시관,1
박영수,1
입법권,1
역기,1
모름,1
신뢰수준,1
명지대,1
특검,1
엠브레인,1
화이트칼라,1
시급,1
설문지,1
참조,1
양당제,1
망향,1
영광,1
발돋움,1
최원혁,1
상공회의소,1
개원,1
수일,1
트래블러,1
메인,1
국문,1
유럽인,1
아시안컵,1
육상경기,1
광저우,1
선수권대회,1
즉시,1
증정,1
주유권,1
접착제,1
주황색,1
수프,1
페인트,1
토마토,1
축사,1
구속력,1
하자,1
원고,1
산시로,1
출원,1
열전,1
코파아메리카,1
습도,1
사막,1
발췌,1
양극화,1
고르바초프,1
무솔리니,1
프란치스코,1
앙겔라,1
키라,1
남경,1
소탕,1
입대,1
포항,1
하현,1
판매점,1
대권,1
이철규,1
탄핵,1
전당대회,1
박의,1
송재우,1
곤혹,1
뱅크오브아메리카,1
수익률곡선,1
대선거구제,1
권력,1
정치체제,1
덕성여대,1
처용무,1
종묘제례,1
종묘제례악,1
판소리,1
독불장군,1
박정민,1
알렉산더,1
압둘라,1
영미권,1
외교관,1
열세,1
균열,1
맞닥뜨려,1
한몫,1
경작지,1
외제,1
세속,1
모자라,1
앞날,1
정형외과,1
양지,1
외박,1
수지,1
김혜준,1
국집,1
밀가루,1
이영준,1
케미칼,1
에폭시,1
김호준,1
사촌,1
옥련,1
활보,1
김사랑,1
강수량,1
기상이변,1
포위,1
상트페테르부르크,1
사라예보,1
친선경기,1
보스니아,1
샤흐타르,1
엣지,1
본계약,1
북점,1
곽병철,1
동해시,1
릴레이,1
장경영,1
북해,1
김선규,1
도세,1
주간지,1
매가,1
부랴부랴,1
겹치,1
모멘텀,1
주가,1
파급,1
피벗,1
최광,1
얼굴인식,1
음성처리,1
엔터프라이즈,1
센서,1
검출기,1
디렉터,1
맞춤,1
무인전투기,1
제일제당,1
넘버원,1
드라이브,1
웰니스,1
라이신,1
풀필먼트센터,1
원료,1
소환,1
살타,1
포집,1
파이넥스,1
율촌,1
합성수지,1
폴리카보네이트,1
조감도,1
휴게,1
블록,1
양은,1
선호,1
타운,1
구암동,1
루체,1
주거지역,1
로얄,1
골퍼,1
상형,1
외국어,1
덕정역,1
둔촌동역,1
무화과,1
성산구,1
외형,1
홍성윤,1
인텔리전스,1
백오피스,1
요기,1
인베스트먼트,1
박민영,1
윤지,1
스마트그리드,1
커스터,1
셋톱박스,1
현모,1
앱스,1
세차,1
주유,1
추구,1
벤처캐피털,1
박차,1
스테이션,1
초도,1
영하,1
플래카드,1
키즈,1
모건스탠리,1
김성훈,1
제네시스,1
대당,1
랜드,1
용공,1
자동차,1
팹리스,1
내후년,1
모뎀,1
김병채,1
가상현실,1
사이버네틱스,1
보편화,1
심장마비,1
화제,1
마르세유,1
비행단,1
국무부,1
법인,1
솜방망이,1
강민국,1
위법행위,1
김광석,1
사이,1
국화,1
비서실,1
대중화,1
매트릭스,1
대학가,1
방범,1
명근,1
아우성,1
행위자,1
미노,1
가해자,1
전과자,1
양홍,1
모퉁이,1
병목현상,1
무허가,1
되풀이,1
권위,1
빈부,1
모도,1
우수상,1
위촉,1
총장,1
김미영,1
기계화보병,1
벨라루스,1
금치,1
행안,1
여당,1
한나라당,1
새누리당,1
대현동,1
부서장,1
중년,1
벨소리,1
군비,1
궁유,1
만행,1
살해,1
총리와,1
태완,1
배병순,1
우범곤,1
김부겸,1
아산시,1
경찰대,1
아산시장,1
김동회,1
김희영,1
모닝,1
헬스,1
절도죄,1
김경아,1
중금속,1
미림,1
반품,1
섭취,1
카드뮴,1
트렌드,1
아홉,1
아세안,1
체질,1
추경호,1
둥지,1
특위,1
김용호,1
봄철,1
조지아,1
지방행정,1
특별회계,1
차기,1
뉴욕증시,1
동계올림픽,1
왕샤오홍,1
왕샤오훙,1
베이징시,1
괴롭힘,1
청렴연수원,1
국민권익위,1
법학,1
폭행죄,1
묵묵,1
부정선거,1
촉진법,1
배격,1
핵확산금지조약,1
급등,1
대감,1
안동현,1
복원,1
로시,1
특별자치도,1
정착,1
한라산,1
국립공원,1
리샤,1
메이크업,1
헤어스타일,1
귀걸이,1
만전,1
송구,1
경주로,1
금호읍,1
동기부여,1
물음,1
우크라이나인,1
미므리코바,1
제대로,1
연구생,1
입자,1
토목공학,1
김응권,1
김주훈,1
야쿠시마,1
밤낮,1
해변,1
물속,1
섶섬,1
연어,1
앞바다,1
해수욕장,1
수중,1
유영,1
바다거북,1
대양,1
푸른바다거북,1
김진아,1
두개골,1
유해,1
골절,1
뒤셀도르프,1
스트라스부르,1
냉동,1
제목,1
장갑,1
재산세,1
기업체,1
텍스트,1
광양항,1
포식자,1
과학자,1
호모,1
창조성,1
동물행동학,1
건국,1
소대,1
국가보훈처,1
전사,1
최용훈,1
수어,1
억만장자,1
도지사,1
뉴딜,1
도민,1
전북지사,1
영업주,1
보고,1
온누리,1
표창장,1
통상교섭본부장,1
콕핏,1
헤드,1
오디오,1
실정,1
부별,1
한진,1
도요타,1
직판,1
청량읍,1
율리,1
김홍수,1
후베이성,1
음식물,1
바나나,1
무등산,1
위키피디아,1
소수,1
보수,1
불이익,1
흐느껴,1
삼송역,1
눈높이,1
도심부,1
난색,1
소로,1
조차장,1
서대전역,1
강동,1
김혜지,1
발사,1
제트,1
태양계,1
미국항공우주국,1
행성,1
소행성,1
감은사지,1
삼층석탑,1
양현모,1
장식품,1
두고두고,1
산사태,1
증서,1
패러디,1
월례,1
빛깔,1
꼬리,1
암흑성운,1
뱀주인자리,1
천체사진,1
은하계,1
박쥐,1
겨울방학,1
캘리포니아주,1
이민,1
다윈,1
남아공,1
시간외근무,1
빚었던,1
아리랑,1
료리,1
랭면,1
하하,1
조선민족,1
학습자,1
양양,1
편익,1
계해,1
녹동항,1
국가어항,1
다대다포항,1
곡간,1
고등,1
탑승객,1
여우,1
파출소,1
청솔,1
노원,1
조종현,1
중부,1
폭스뉴스,1
섹스,1
독도,1
동북아역사재단,1
표면,1
얼음찜질,1
알루미늄,1
티타늄,1
국가기술표준원,1
구리,1
자격증,1
커리큘럼,1
히스토리,1
정근,1
축산,1
훼손,1
코노,1
반기문,1
팬덤,1
소닉,1
합성,1
공기역학,1
활성산소,1
과학부,1
릴루졸,1
루게릭병,1
홈쇼핑,1
의과대학,1
김찬,1
장민철,1
시정,1
불분명,1
무선,1
품격,1
문화유산,1
김삼,1
수렴,1
실현,1
고품격,1
천안,1
포천시,1
김채,1
김인호,1
군용,1
대공포,1
삼천동,1
용역,1
학곡,1
동산면,1
신촌리,1
신북읍,1
춘천시,1
오디션,1
뭄바이,1
트랜스,1
힌두,1
인도영화,1
성전환,1
발리우드,1
트랜스젠더,1
김명국,1
메스암페타민,1
홀리데이,1
아테토쿤보,1
세븐,1
델라웨어주,1
카멜레온,1
버뮤다,1
임신,1
출산율,1
임산부,1
합계출산율,1
송지원,1
도의,1
추경안,1
협치국,1
김동연,1
사유재산,1
머릿고기,1
국문학,1
해방일,1
하키,1
아이스하키,1
대승,1
선수촌,1
평창동계올림픽,1
강릉시,1
구자룡,1
록바,1
올스타,1
박진섭,1
김경중,1
남준재,1
김보경,1
김오규,1
졸업장,1
양영철,1
국민학교,1
체육,1
숙원,1
도봉구,1
노보시비르스크,1
볼고돈스크,1
발행량,1
본문,1
출판물,1
영어,1
책값,1
서적,1
안주,1
서북,1
산림조합,1
장려상,1
국민신문고,1
엄건웅,1
입후보,1
고용부,1
바이든,1
아울렛,1
격려,1
경희의료원,1
타란티노,1
기타리스트,1
기능,1
김효,1
의용소방대,1
하우스,1
하일랜드,1
불발,1
처리기,1
패권,1
실용신안,1
특허법,1
특허청장,1
제어기,1
제한속도,1
홍대,1
과도,1
스마트홈,1
특성,1
검증,1
전자통신,1
정보산업,1
반격,1
아탈란타,1
컴팩트,1
고온,1
황색포도상구균,1
냄비,1
프라이팬,1
안드로이드폰,1
장기기증,1
혈액형,1
완승,1
인터내셔널,1
표명,1
다세대,1
신지,1
트윈타워,1
바닷가,1
서점,1
동전,1
교훈,1
한해,1
비즈,1
쭈쭈쭈,1
안내견,1
축구경기장,1
건너,1
검수,1
문항,1
열거,1
지점,1
담화,1
뱅크,1
우천,1
텍사스주,1
악성댓글,1
개그맨,1
대한의사협회,1
잠재력,1
인문학,1
저널리즘,1
과반수,1
백혈병,1
희귀난치성질환,1
교육지원청,1
전남대,1
전남대학교병원,1
임원,1
모색,1
고충,1
원자재,1
헤게모니,1
별개,1
보수당,1
존재,1
법칙,1
체감,1
해학,1
결과물,1
번개,1
허둥지둥,1
엄마,1
번호,1
불가항력,1
대체재,1
대개,1
죄목,1
법치국가,1
감탄,1
김현,1
철학자,1
집착,1
귀책사유,1
국내법,1
평시,1
동중국해,1
신입,1
어시스트,1
신입생,1
하프,1
케이시,1
홈팀,1
선발투수,1
예의범절,1
세밀,1
홍씨,1
규장각,1
조선왕조,1
은하,1
경탄,1
생물체,1
버섯,1
타이탄,1
우주전쟁,1
스웨,1
혼혈,1
문학상,1
대공황,1
압둘팟타흐,1
스웨덴,1
사우스뱅크,1
환경운동가,1
극히,1
최성환,1
연대,1
양물,1
기둥,1
구성,1
불탑,1
호르몬,1
식욕,1
습관성,1
중독,1
식욕부진,1
갤럭시,1
파트너,1
민생,1
에너지정책,1
적신호,1
노년,1
배우자,1
크리스마스실,1
구독료,1
구조조정,1
브뤼셀,1
지정학적,1
쓰나미,1
원본,1
생존권,1
아동권리,1
단독주택,1
남현동,1
볏짚,1
염화칼슘,1
가로수,1
토양,1
특강,1
개설,1
반포동,1
서초구청장,1
심장질환,1
이승,1
월곡,1
강좌,1
길음,1
안암동,1
청담대교,1
신세계,1
바로,1
유턴,1
강동대로,1
필요,1
결번,1
두절,1
백골,1
권영세,1
통신비,1
김상희,1
심야,1
면허,1
중형,1
파트타임,1
밤샘,1
정치자금,1
다음주,1
윤호중,1
해군,1
한미,1
실시,1
전자전,1
이륙,1
날로,1
리얼미터,1
북방한계선,1
월북,1
김기윤,1
초당,1
국도,1
우상호,1
정청래,1
영전,1
방명록,1
여의나루역,1
사이더,1
광진구,1
차마,1
왕복,1
경찰특공대,1
보광로,1
대구시,1
청운,1
김희중,1
김승겸,1
밤잠,1
김민영,1
사지,1
강전,1
사파타,1
스트로,1
조재호,1
마루,1
선공,1
연전,1
티칭,1
온스,1
빈타,1
화급,1
이명박정부,1
박성준,1
청취율,1
악한,1
성악,1
부적정,1
간섭,1
백현주,1
김세원,1
동아방송예술대학교,1
게으름,1
졸업사진,1
졸업식,1
무관심,1
결여,1
통역,1
안부,1
중환자,1
이정근,1
재즈,1
틴코프뱅크,1
자발,1
국문과,1
목재,1
서정주,1
산문시,1
소월시문학상,1
광란,1
반동,1
모략,1
상투,1
노동신문,1
법질서,1
유명인사,1
끼리,1
김상식,1
성현,1
드보르자크,1
코다이,1
도니,1
크리스,1
브람스,1
쇼스타코비치,1
콩쿠르,1
크세나키스,1
김덕용,1
전투력,1
화내,1
다국적,1
국가정보원,1
랜섬웨어,1
범죄심리학자,1
스모,1
앙상블,1
부악,1
낙폭,1
실사,1
최고재판소,1
전철,1
급행열차,1
막대,1
한노총,1
방역,1
수치,1
닷새,1
민속학,1
무남독녀,1
접수,1
제정,1
평화통일,1
묵비권,1
알리바이,1
망명,1
미국법,1
난민,1
발언권,1
사실,1
급파,1
구급,1
시리아,1
쓰촨성,1
건축상,1
오미크론,1
수요일,1
김상호,1
육군훈련소,1
관혼상제,1
보행자,1
시연,1
망언,1
박지현,1
권선구,1
채굴,1
무고죄,1
검색량,1
렛츠런파크,1
영남권,1
현금,1
무인기,1
안보리,1
메모,1
서로,1
친모,1
소셜,1
프로토콜,1
크리에이터,1
신용카드,1
신용판매,1
가까스로,1
달싹,1
핸드폰,1
놀이동산,1
봄꽃,1
튤립,1
벚꽃,1
한글날,1
목적지,1
특수강,1
일부러,1
휴무,1
무거워,1
땅거미,1
공주,1
부과,1
교보,1
중요도,1
출범,1
주가조작,1
스카이,1
골든글러브,1
김혜성,1
성시경,1
예매,1
피고,1
형법,1
고발장,1
공수,1
목소리,1
탑승,1
미성년,1
세명,1
남학생,1
수낵,1
총리관저,1
양귀비꽃,1
생년,1
퇴원,1
극락왕생,1
교령,1
천도교,1
원불교,1
행정,1
속보,1
출석,1
핏자국,1
복판,1
고니,1
허난성,1
부산광역시,1
옥수수,1
간호,1
참모총장,1
도쿄만,1
항해,1
관찰,1
뇌졸중,1
이상은,1
정말,1
해주시,1
남아,1
흔적,1
유류,1
그대로,1
일회용품,1
수의학,1
북아일랜드,1
후방,1
앞뒤,1
힐스버러,1
전방,1
워릭,1
개연,1
할아버지,1
홋카이도,1
불상,1
형벌,1
철문,1
상상마당,1
일광,1
병학,1
피부질환,1
발해,1
대열,1
범인,1
알람,1
구결,1
후각,1
회지,1
초미세먼지,1
신경,1
김용대,1
토목,1
조선대,1
반론,1
로빈,1
일어난다,1
눌렸다거,1
구석구석,1
혹시,1
김호중,1
친언니,1
민간독재,1
군부독재,1
반대파,1
정치검찰,1
절개,1
방사선,1
뇌동맥류,1
간암,1
법공,1
보경사,1
천곡사,1
원문,1
다라니,1
발원,1
반야심경,1
김정재,1
질식,1
저항,1
외상,1
폐가,1
김일,1
최보,1
이종훈,1
순이,1
재난사,1
출몰,1
하수,1
부전동,1
벌레,1
이사회,1
보급,1
올린다,1
크기,1
한참,1
운흥동,1
모디,1
종로구,1
급감,1
부평구,1
열사,1
펀드,1
제보,1
비보,1
김종기,1
농작물,1
동해안,1
재고,1
세수,1
무면허운전,1
담대,1
박향,1
창문,1
공황장애,1
마주,1
하늘나라,1
쭈뼛쭈뼛,1
동급생,1
타당성조사,1
착륙선,1
마라도나,1
코트디부아르,1
순국,1
엘리자베스,1
점포,1
하이닉스,1
엔비디아,1
김양,1
김광일,1
이송,1
재외공관,1
고도,1
불안장애,1
농림축산식품부,1
가을동화,1
학생군사교육단,1
월요일,1
부가가치세,1
의료인,1
불감증,1
외치,1
김한규,1
귀신,1
단군,1
부검,1
불통,1
참고문헌,1
별책,1
칼럼,1
스토리텔링,1
수필,1
보답,1
상호금융,1
온도,1
우대금리,1
토스터,1
난방,1
이하,1
회귀분석,1
외반슬,1
성기,1
대퇴골,1
홍차,1
보충,1
열풍,1
이온,1
칼로리,1
대서양,1
싱가포르항공,1
재사용,1
북유럽,1
일본항공,1
중화항공,1
정보처리,1
컴퓨터공학,1
전자공학,1
공산품,1
농어촌,1
지방우정청,1
입문,1
계산,1
유동성,1
집중,1
김성미,1
청도군수,1
공지,1
비밀번호,1
관광명소,1
전망대,1
과세,1
연말정산,1
선사,1
센티,1
일환,1
항하,1
취급,1
포워딩,1
발효,1
발급,1
쉬벨,1
우측,1
톡톡,1
컴퍼니,1
김근,1
아란치니,1
몽골리안,1
윤소희,1
윤준호,1
김태규,1
생산자,1
관상동맥,1
심근경색증,1
신흥,1
제이원,1
남원읍,1
기반,1
개편,1
조직개편,1
탄력,1
거제시,1
재원,1
박종우,1
파노라마,1
관세청장,1
로비,1
조문,1
챗봇,1
모성,1
형태,1
스테인리스강,1
액화천연가스,1
터전,1
화목,1
최민철,1
순창읍,1
두운,1
노하우,1
중앙대,1
에세이,1
공로상,1
상황,1
중장,1
안보,1
취임,1
사령관,1
전무,1
시장점유율,1
이주찬,1
이름,1
소사이어티,1
화학공학,1
대령,1
유려,1
삼국유사,1
기해년,1
니지,1
대거,1
유형,1
이스,1
이징,1
보습,1
얼굴,1
용량,1
특징,1
질감,1
꿀풀,1
동반성,1
삿포로,1
도심공항,1
후쿠오카,1
공항철도,1
제주항공,1
누리로,1
무궁화호,1
폐차,1
청량리,1
정기승차권,1
명산,1
디코딩,1
기계학습,1
초점,1
우전,1
김지호,1
고속버스,1
약물중독,1
노보쿠즈네츠크,1
간식,1
크리스티나,1
노랑,1
총동원,1
출입기자단,1
개보,1
남동생,1
철회,1
재료과학,1
량샤오펑,1
태양전지,1
등판,1
구속,1
탈삼진,1
이닝,1
에이스,1
여섯,1
열한,1
수퍼마켓,1
대외,1
크게,1
위즈잉,1
춘란배,1
스토킹,1
김앤장,1
윤도현,1
회계,1
오피스,1
삼일,1
타자,1
불펜,1
박재만,1
김진환,1
칠곡군,1
상주시,1
장소,1
기자실,1
득표율,1
도성훈,1
킬러,1
거래처,1
립추,1
유니콘,1
어워즈,1
벡스코,1
만난,1
보람,1
고집,1
쓴맛,1
금오산,1
지름길,1
당국자,1
영문,1
요지부동,1
안건,1
강구,1
한치,1
김정욱,1
정재근,1
우리은행,1
압수,1
상장,1
공격수,1
타쿠마,1
직격탄,1
대봉동,1
아래,1
프라자,1
폐점,1
제세동기,1
손괴,1
현행범,1
가전제품,1
냉각수,1
러일전쟁,1
중기관총,1
비영리,1
바보,1
강서,1
서구,1
모텔,1
처방,1
병주,1
하라,1
검찰총장,1
관훈클럽,1
도시철도,1
호남권,1
의자,1
여객선,1
이메일,1
감경,1
목록,1
우즈베키스탄,1
시민운동,1
밀수입,1
향정,1
필로폰,1
김택성,1
보행,1
자기방어,1
행정법원,1
해산,1
조항,1
합헌,1
침범,1
스크린샷,1
세바스토폴,1
커피숍,1
몇몇,1
모듈,1
하이난,1
여권,1
재무부,1
지법,1
교차,1
구차,1
막대과자,1
김광진,1
김어준,1
현혹,1
광진,1
김석,1
허벅지,1
근육,1
대조,1
바로가기,1
김도원,1
수가,1
성모,1
집필,1
물어,1
포스트,1
인도인,1
철로,1
유혈,1
동성혼,1
악덕,1
외설,1
레이디스,1
티띠,1
여자오픈,1
처리,1
연합인포맥스,1
금융감독원장,1
아메리카노,1
잔혹,1
평균연령,1
운호,1
약점,1
초보자,1
심리학자,1
긍정심리학,1
수치심,1
지옥도,1
속수무책,1
하얏트,1
다채롭다,1
부잣집,1
마테,1
우시,1
츠키,1
자주포,1
퐁트누프,1
성지인,1
군중심리,1
모터스포츠,1
트히즌,1
표적,1
라틴어,1
림보,1
사탄,1
금박,1
부활,1
고척,1
장점,1
배합,1
직행,1
달이,1
빈첸조,1
승점,1
직권남용,1
개선문,1
플랜,1
아메리카,1
파라과이,1
당선자,1
엘비스,1
비틀스,1
초월,1
제왕,1
병사,1
코리아타임스,1
과중,1
패닉,1
퇴직금,1
오존,1
염소,1
가설,1
허위,1
공작,1
지구평면설,1
위성사진,1
스타즈,1
육체노동,1
가난,1
기증,1
수류탄,1
메릴랜드주,1
국립묘지,1
메릴랜드,1
다수,1
황금,1
영화상,1
문법,1
카탈루냐,1
여름철,1
즉흥,1
관왕,1
알파벳,1
영주,1
일왕,1
대방광불화엄경소,1
항일,1
선화공주,1
유가사지론,1
김구,1
총각김치,1
김창업,1
소금,1
김선오,1
피자,1
햄버거,1
코미디,1
낯선,1
초자연적,1
사냥꾼,1
공포물,1
고딕,1
프랑켄슈타인,1
스파이더맨,1
늑대인간,1
공포영화,1
전서,1
오청원,1
조혜연,1
춘추전국시대,1
김은지,1
김효영,1
김윤영,1
김채영,1
패스포트,1
남보예,1
송현여,1
장현정,1
송채영,1
학산,1
저작권,1
마우스,1
네이버웹툰,1
만화책,1
헬로비전,1
겁쟁이,1
큰손,1
호황,1
저축예금,1
거액,1
적색육,1
습관,1
요리법,1
씨름,1
리키,1
루이나이웨이,1
비석,1
독립군,1
후손,1
국립대전현충원,1
공동묘지,1
카자흐스탄,1
스탈린,1
여객,1
시드니,1
여객기,1
흑의,1
주목,1
집반,1
판팅위,1
농심배,1
콘크리트,1
체코슬로바키아,1
계획경제,1
중동전쟁,1
구독,1
잎자루,1
홍릉,1
목원,1
열매,1
홍가시나무,1
참꽃나무,1
김민철,1
정찰위성,1
사이버전,1
미사일방어,1
마돈나,1
트레티야코프,1
도스토옙스키,1
경상,1
골자,1
게시,1
김성태,1
폐허,1
소말리아,1
모가디슈,1
줄리엣,1
뉴사우스웨일스,1
컨디션,1
키시가,1
일리,1
미주리주,1
총기,1
행선,1
전동차,1
순서,1
이재명,1
보석,1
문자메시지,1
보물찾기,1
스푸트니크,1
조율,1
디딤돌,1
기절,1
유격수,1
낙찰,1
연예계,1
특수본,1
육성,1
서서,1
송언석,1
견학,1
이혁준,1
국민카드,1
모친,1
손절,1
숙박업소,1
광안대교,1
멀티미디어,1
에어비앤비,1
통행금지,1
진실게임,1
독립,1
재임,1
준조세,1
대내,1
조세,1
동덕여대,1
중고,1
쎄미켐,1
이준혁,1
민병주,1
개방경제,1
작별,1
돈벌이,1
하버드,1
혼자,1
호통,1
큰어머니,1
이중국적,1
휴일,1
민씨,1
혈액,1
도울,1
상담사,1
분리주의자,1
성형수술,1
헛소리,1
김흥수,1
김용민,1
채색,1
다가,1
포박,1
그로테스크,1
고슴도치,1
춘천교대,1
테러리스트,1
팔레스타인인,1
청원구,1
성행위,1
성매매,1
가레스,1
하디,1
관노,1
김춘택,1
조선신보,1
네브래스카주,1
재혼,1
대성공,1
공개시장,1
경제성장률,1
다쿠마,1
아이슬란드,1
다쿠미,1
여인천하,1
김해숙,1
장희빈,1
세종대왕,1
윤상현,1
김혜수,1
김형식,1
교류,1
라이프스타일,1
케어,1
조화,1
사진기,1
진정,1
소화기,1
스캔,1
주민등록,1
데이터베이스,1
광업,1
기초,1
금정터널,1
경복대,1
상사,1
쌀빵,1
타깃,1
농정원,1
농업인,1
프라하,1
모터쇼,1
조남수,1
김창일,1
수상,1
멀티,1
퍼퓸,1
강행,1
매입,1
기숙사,1
리더,1
기획사,1
음악감독,1
흐비차,1
빅클럽,1
생제르맹,1
토너먼트,1
자율성,1
생태관광,1
독창,1
모의투자,1
애리조나,1
상원,1
사전투표,1
김포공항,1
메커니즘,1
셀룰로오스,1
방사,1
수소결합,1
비디오,1
사생활,1
몰래카메라,1
무선망,1
싯다르트,1
알래스카,1
향수,1
장수,1
손택스,1
홈택스,1
박람회장,1
우여곡절,1
호주오픈,1
빈혈,1
리나,1
충북도청,1
김남희,1
뉴스특보,1
팟캐스트,1
악플,1
녹색연합,1
냉동식품,1
근황,1
스토리,1
학령,1
통합교육,1
통폐합,1
부산교대,1
상충,1
나라,1
영토,1
레드,1
수퍼스타,1
유품,1
임헌정,1
모스크,1
철골,1
아메리칸,1
그래미,1
타이틀곡,1
헬러윈,1
인신공격,1
군용차량,1
붙이,1
새카맣다,1
양질,1
물기,1
청양고추,1
베이커리,1
양파,1
소고기,1
생선,1
불참,1
사별,1
티티쿨,1
집단,1
지배자,1
라이벌,1
결승선,1
기구,1
축전,1
금요일,1
착각,1
샌프란시스코,1
낸시,1
전화번호,1
재판정,1
민권,1
무죄판결,1
노예,1
맨해튼,1
뉴욕시,1
암살,1
쓴웃음,1
김유나,1
귀국,1
스리랑카,1
스리랑카인,1
파월,1
월간,1
위배,1
민현주,1
안전행정부,1
가이드,1
프란시스코,1
일몰,1
피크닉,1
김영배,1
신재민,1
국제항,1
안전공학,1
건축학,1
반대편,1
삼현,1
와이파이,1
배움터,1
김민욱,1
무기력증,1
국무총리실,1
송규봉,1
영국인,1
서양,1
기성세대,1
유독가스,1
오산,1
수구파,1
남북한,1
김여정,1
한국사,1
김아영,1
축적,1
보호무역,1
서민,1
금리정책,1
노벨경제학상,1
동북공정,1
북베트남,1
남베트남,1
실용주의,1
피타고라스,1
대성당,1
예술가,1
살인자,1
연민,1
레오나르도,1
다빈치,1
탐험가,1
박물관,1
호기심,1
타이타닉,1
김지윤,1
김태현,1
급여,1
소득재분배,1
연주,1
캔버스,1
요지,1
길목,1
인덕원,1
일어,1
현숙,1
빈자리,1
왕성,1
혈기,1
꼰대들,1
노동자당,1
권양숙,1
박연차,1
육박,1
초산,1
외할머니,1
노동법,1
프리랜서,1
인지부조화,1
인지편향,1
이성,1
희소식,1
프랑스인,1
포드,1
포드자동차,1
대차대조표,1
회사채,1
상품거래소,1
트리플,1
결산,1
오른,1
턱밑,1
지수,1
포인트,1
원화,1
매수,1
슈퍼컴퓨터,1
스타벅스,1
김정수,1
김재수,1
김지현,1
슈퍼스타,1
음악인,1
멘델스존,1
차이콥스키,1
헝가리,1
김종욱,1
행진곡,1
예술의전당,1
전인,1
일주일,1
형통,1
충실,1
베어스,1
라이온즈,1
블루,1
암흑,1
도장,1
한지,1
삼베,1
경로,1
오동나무,1
베르사유,1
표리,1
왕국,1
최종수,1
그대,1
야망,1
성심,1
수사반장,1
참전용사,1
박실,1
은희,1
총선,1
박정원,1
탐색,1
온라인교육,1
사이버교육,1
깊이,1
식량,1
호국훈련,1
승리자,1
유승민,1
바르샤바,1
정동욱,1
김태진,1
투런포,1
서막,1
이지영,1
박연,1
김수민,1
황도,1
코리안,1
윤범모,1
세종대,1
박석현,1
김기원,1
김홍,1
김민희,1
전봉준,1
김응문,1
부산예술대,1
다큐,1
한겨레신문사,1
애니메이션,1
한국영,1
놀이터,1
역사스페셜,1
교육학,1
참여연대,1
성산아트홀,1
박일,1
규란,1
국민대,1
박정,1
김혜영,1
김상욱,1
이바돔,1
암석,1
급선무,1
국정조사,1
대기실,1
작은아버지,1
더독,1
업셋,1
박병호,1
해설위원,1
체육대회,1
미지수,1
정환,1
망원경,1
우주탐사,1
인쇄,1
시적,1
인쇄소,1
손질,1
창작과비평사,1
글쓰기,1
국가인권위,1
이튿날,1
용어,1
지침,1
누구,1
뮌스터,1
새삼,1
케이티엑스,1
순천역,1
김탁환,1
이동현,1
김춘수,1
수수께끼,1
무력,1
미스터리,1
사망률,1
날갯짓,1
김형두,1
반의사불벌죄,1
박상현,1
국가신용등급,1
언론보도,1
컨테이너선,1
근해,1
과잉,1
북초,1
교육감,1
교육행정,1
특은채,1
기도문,1
자원봉사,1
뷰첵메체시,1
박광순,1
충남도청,1
독과점,1
불매운동,1
꽃봉오리,1
김범수,1
이별,1
토요일,1
김민제,1
김가윤,1
김영서,1
납품,1
아카이브,1
나룻배,1
테이프,1
은마,1
이성헌,1
대면,1
임차료,1
아동복,1
운동장,1
글씨체,1
도로명주소,1
운송,1
물류,1
김병관,1
민중,1
거꾸로,1
곧이곧대로,1
항쟁,1
아랍어,1
운정,1
안성,1
시계열,1
정육각형,1
정다각형,1
신소재,1
폴리우레탄,1
축구공,1
중고생,1
가치투자,1
농축,1
예산정책처,1
교통비,1
김장,1
악수,1
부당성,1
이창민,1
효고현,1
사고사,1
프랑스어,1
직성,1
공복,1
법규,1
삼원,1
부처,1
안영,1
역대,1
공덕,1
라이더,1
불찰,1
타임스,1
만배,1
외투,1
가발,1
군데군데,1
로만,1
김민호,1
플로리다,1
기본소득,1
느티나무,1
후생노동성,1
사회보장,1
총수,1
워커홀릭,1
대우조선,1
훈련소,1
발달장애,1
예고편,1
토드,1
티티,1
핑계,1
취업규칙,1
이지현,1
표준국어대사전,1
극우,1
퇴임,1
브라질리아,1
유근,1
학문,1
왕실,1
김동화,1
주씨,1
조찬호,1
으르렁,1
공격성,1
반려견,1
파생상품,1
유로화,1
에스케이씨앤씨,1
노동계,1
터키,1
이스탄불,1
탈퇴,1
화물선,1
곡물,1
곡물량,1
시사평론가,1
주거,1
플랜트,1
마이스,1
광구,1
작업량,1
매몰,1
도쿄대,1
히로시,1
축하공연,1
가부키,1
역사관,1
사학,1
운전기사,1
독약,1
사슴,1
먹잇감,1
호랑이,1
땅거북,1
거북,1
애완동물,1
멸종위기,1
검독수리,1
멸종위기종,1
동물학자,1
포식,1
점진,1
김현우,1
리포트,1
뉴스데스크,1
보존,1
국가공무원,1
전문대,1
감시,1
이춘,1
채용정보,1
인식,1
우비,1
오염,1
녹색,1
방어,1
대하,1
탑재,1
담당,1
이성만,1
천원,1
딜링룸,1
호가,1
워런,1
자리,1
들머리,1
부디,1
영양,1
능력,1
이영훈,1
우승상금,1
죄송,1
송인,1
웨이보,1
인명,1
이토,1
재무성,1
바그너,1
바이올리니스트,1
작곡가,1
슈타츠카펠레,1
박중빈,1
성지순례,1
김창수,1
군상,1
영도,1
을숙도,1
지은,1
야외극장,1
해머,1
삼국지,1
김진숙,1
현남,1
환경공학,1
참극,1
하장,1
에스비에스,1
황신혜,1
진씨,1
하희라,1
김종학,1
김수로,1
해마,1
발산,1
용기,1
하드웨어,1
가책,1
이란혁명,1
반경,1
병목,1
청과,1
유환익,1
순천고,1
소연,1
북아시아,1
단백질,1
유전자,1
유전체,1
세포독성,1
질의,1
국제무역,1
통계학,1
상관관계,1
염증,1
만성,1
찾기,1
송신,1
첨부파일,1
다운로드,1
도운,1
격분,1
로이터,1
오리가,1
앳된,1
흥미진진,1
예비선거,1
준칙,1
비도,1
역도,1
소행,1
개찰구,1
교통카드,1
안전보장,1
폐막,1
열쇠,1
북극곰,1
반덴,1
수단,1
백예린,1
애니멀,1
동물권,1
김인,1
세법개정안,1
부시,1
캄보디아,1
프놈펜,1
병조,1
여의도동,1
실의,1
오대근,1
환영,1
기억,1
러브,1
토론토국제영화제,1
김용옥,1
감리교신학대,1
종교재판,1
정성,1
부양가족,1
허리케인,1
무시,1
노점상,1
천연,1
비누,1
힐링,1
유자나무,1
탱자나무,1
비타민,1
황칠나무,1
레몬,1
환경미화원,1
법제처,1
공직자윤리법,1
가파르,1
타일랜드,1
여유,1
건립,1
천안시청,1
곧장,1
튜닝,1
음향,1
한밤중,1
폭주족,1
불허,1
행정심판,1
삼겹살,1
반입,1
류수현,1
김정애,1
동쪽,1
니시무라,1
보탰다,1
임수향,1
로이,1
고교생,1
로멜루,1
외수,1
유사,1
반지하,1
지방소비세,1
기주,1
분할,1
원플러스원,1
홍천군,1
강원대학교,1
강릉시청,1
춘천인형극장,1
이이,1
후니,1
통일벼,1
새마을운동,1
새마을사업,1
박정희,1
실리,1
연기자,1
김준성,1
안해,1
텔레비전,1
연예,1
김숙,1
김나영,1
김민경,1
욕심,1
봉화군,1
요구사항,1
의지,1
정오,1
영구차,1
배웅,1
농가,1
소독,1
황금곰상,1
태양광,1
모독,1
술자리,1
거수,1
거수경례,1
산책,1
메가시티,1
반장,1
광역의회,1
박완수,1
김두겸,1
소비자보호,1
대리점,1
영구결번,1
타격왕,1
쑥대밭,1
포천,1
가나,1
남양주,1
면서,1
자치구,1
지하상가,1
히트,1
스튜디오,1
스트리밍,1
시애틀,1
재무제표,1
향후,1
케이블카,1
세제,1
빗발,1
신호,1
기동대,1
인산인해,1
폭증,1
수반,1
부평,1
효녀,1
란콰이펑,1
일찍,1
예능,1
모노,1
솔로,1
음반,1
미정,1
침해,1
무형,1
권고,1
풍습,1
법률자문,1
사계절,1
랜드마크,1
어드벤처,1
영주댐,1
대여,1
자율,1
무료,1
물순환,1
측면,1
연거푸,1
사시,1
회문,1
북사,1
구텐베르크,1
남악종택,1
요도,1
며칠,1
물체,1
안목,1
게시판,1
시티,1
뇌사,1
중환자실,1
행시,1
경주엑스포,1
엑스포,1
경상북도,1
박양우,1
하이웨이,1
순환도로,1
콘셉트,1
주택가,1
위중,1
스포티파이,1
미드나이트,1
래퍼,1
테일러,1
빌보드,1
라벤더,1
청송군,1
청송읍,1
김희수,1
관리직,1
성탄절,1
수아레즈,1
팽팽히,1
글라이딩,1
급속,1
김학수,1
만족감,1
모터,1
체질개선,1
드라이빙,1
센오쿠하쿠코칸,1
언어유희,1
초상화,1
유실물,1
미투,1
학폭,1
김경희,1
노령,1
기대수명,1
주택연금,1
그렘린,1
배급,1
검열,1
미국영화,1
볼리비아,1
중국산,1
송사,1
솜씨,1
행운,1
즐거움,1
취향,1
뮤직,1
좌상,1
희생양,1
무용지물,1
조은주,1
신춘문예,1
동화,1
김민형,1
핵공격,1
업로드,1
소비수준,1
종잣돈,1
교육법,1
달서구,1
초년,1
숙연,1
이화여대,1
최씨,1
니껄,1
여운,1
염건웅,1
소집,1
소환장,1
돌발영상,1
무표정,1
중화권,1
망신,1
공산권,1
중국공산당,1
폐간,1
톈저우,1
하이난성,1
물리학,1
